burst,noun,category,uploader,file,start,crop,licence,author,title,page,area,onset,d1,dK
a018,boxer,combat,UncleSamPatriot,Boxing_Heavy_Bag_Analysis.mp4,442,0.0000 0.0531 1.0000 0.8875,CC BY 4.0,UncleSamPatriot,File:Boxing Heavy Bag Analysis.webm,https://commons.wikimedia.org/wiki/File:Boxing_Heavy_Bag_Analysis.webm,0.1151,0.0593,7.63,13.03
a019,boxer,combat,UncleSamPatriot,Boxing_Heavy_Bag_Analysis.mp4,544,0.0000 0.1125 1.0000 0.8875,CC BY 4.0,UncleSamPatriot,File:Boxing Heavy Bag Analysis.webm,https://commons.wikimedia.org/wiki/File:Boxing_Heavy_Bag_Analysis.webm,0.0859,0.0149,3.48,10.43
a039,man exercising,exercise,Fenix1000,A_one_arm_pull_up_from_a_tree_branch_Solodkyi_Serhii_6469.mp4,612,0.0000 0.0531 1.0000 0.8875,CC BY-SA 4.0,Fenix1000,File:A one-arm pull-up from a tree branch - Solodkyi Serhii 6469.webm,https://commons.wikimedia.org/wiki/File:A_one-arm_pull-up_from_a_tree_branch_-_Solodkyi_Serhii_6469.webm,0.0566,0.0191,3.34,9.66
a042,woman exercising,exercise,Army Combat Fitness Test,Conditioning_Drill_3_Alternate_Staggered_Squat_Jump.mp4,1234,0.0000 0.0156 1.0000 0.8875,Public domain,Army Combat Fitness Test,File:Conditioning Drill 3- Alternate Staggered Squat Jump.webm,https://commons.wikimedia.org/wiki/File:Conditioning_Drill_3-_Alternate_Staggered_Squat_Jump.webm,0.1452,0.0384,2.91,21.5
a043,man exercising,exercise,Taco fleur,CrossFit_Burpee.mp4,220,0.0000 0.3975 0.8808 0.5862,CC BY-SA 4.0,Taco fleur,File:CrossFit Burpee.webm,https://commons.wikimedia.org/wiki/File:CrossFit_Burpee.webm,0.0928,0.043,6.38,17.68
a047,man exercising,exercise,Taco fleur,Interval_Push_ups.mp4,470,0.2188 0.4363 0.6704 0.4462,CC BY-SA 4.0,Taco fleur,File:Interval Push-ups.webm,https://commons.wikimedia.org/wiki/File:Interval_Push-ups.webm,0.0535,0.0136,3.16,23.93
a057,horse,animal,Rama,Horse_eating_MVI_7496_MOV.mp4,196,0.0000 0.1734 1.0000 0.6656,CC BY-SA 2.0 fr,Rama,File:Horse eating MVI 7496.MOV.ogv,https://commons.wikimedia.org/wiki/File:Horse_eating_MVI_7496.MOV.ogv,0.1021,0.0122,3.48,16.29
a079,locust,animal,Phonon.b,Locusta_migratoria_female_flying_HighSpeedPhoto.mp4,104,0.0000 0.0750 1.0000 0.8875,CC BY-SA 4.0,Phonon.b,File:Locusta migratoria female flying HighSpeedPhoto.webm,https://commons.wikimedia.org/wiki/File:Locusta_migratoria_female_flying_HighSpeedPhoto.webm,0.1335,0.0558,5.08,11.15
a095,weightlifter,exercise,Taco fleur,Kettlebell_Dead_Clean_Squat_Thruster_Snatch.mp4,180,0.0000 0.2391 1.0000 0.6656,CC BY-SA 4.0,Taco fleur,File:Kettlebell Dead Clean Squat Thruster Snatch.webm,https://commons.wikimedia.org/wiki/File:Kettlebell_Dead_Clean_Squat_Thruster_Snatch.webm,0.0899,0.0216,3.16,14.03
a107,weightlifter,exercise,Taco fleur,Kettlebell_Snatch.mp4,68,0.0000 0.0875 1.0000 0.8875,CC BY-SA 4.0,Taco fleur,File:Kettlebell Snatch.webm,https://commons.wikimedia.org/wiki/File:Kettlebell_Snatch.webm,0.0564,0.0167,1.93,10.12
a131,juggler,performer,Frank Vincentz,Gevelsberg_Mittelstra_e_Boulevard_2012_mT_05_ies.mp4,97,0.0000 0.1156 1.0000 0.8844,CC BY-SA 3.0,Frank Vincentz,File:Gevelsberg - Mittelstraße - Boulevard 2012 (mT) 05 ies.ogv,https://commons.wikimedia.org/wiki/File:Gevelsberg_-_Mittelstra%C3%9Fe_-_Boulevard_2012_(mT)_05_ies.ogv,0.1134,0.0431,4.48,15.89
a185,metal droplets,object,Tavo Romann,Gallium_drops.mp4,156,0.0000 0.0844 1.0000 0.8875,CC BY-SA 4.0,Tavo Romann,File:Gallium drops.ogv,https://commons.wikimedia.org/wiki/File:Gallium_drops.ogv,0.0942,0.0079,2.28,10.16
b006,squirrel,animal,Devin Briggs,California_ground_squirrels_Otospermophilus_beecheyi_.mp4,256,0.0000 0.1031 1.0000 0.8875,CC BY 3.0,Devin Briggs,File:California ground squirrels (Otospermophilus beecheyi).webm,https://commons.wikimedia.org/wiki/File:California_ground_squirrels_(Otospermophilus_beecheyi).webm,0.1439,0.0256,4.62,15.0
b009,squirrel,animal,"Delgado M, Nicholas M, Petrie D, Jacobs L",Fox_Squirrels_Match_Food_Assessment_and_Cache_Effort_to_Value_and_Scarcity_pone_.mp4,266,0.0000 0.0766 1.0000 0.6656,CC BY 4.0,"Delgado M, Nicholas M, Petrie D, Jacobs L",File:Fox-Squirrels-Match-Food-Assessment-and-Cache-Effort-to-Value-and-Scarcity-pone.0092892.s003.ogv,https://commons.wikimedia.org/wiki/File:Fox-Squirrels-Match-Food-Assessment-and-Cache-Effort-to-Value-and-Scarcity-pone.0092892.s003.ogv,0.0984,0.0427,6.54,15.67
b011,cat,animal,MixiMix22,Katzensprung_in_Zeitlupe.mp4,340,0.0000 0.0000 1.0000 0.6656,CC BY 2.0,MixiMix22,File:Katzensprung in Zeitlupe.webm,https://commons.wikimedia.org/wiki/File:Katzensprung_in_Zeitlupe.webm,0.0733,0.0233,6.16,17.66
b017,cat,animal,Record 124,Salto_Cat_Jump.mp4,96,0.0000 0.4156 1.0000 0.5000,CC BY 3.0,Record 124,File:Salto - Cat Jump.webm,https://commons.wikimedia.org/wiki/File:Salto_-_Cat_Jump.webm,0.067,0.0108,4.99,16.91
b018,squirrel,animal,Eric Leuliette,Squirrel_eating_cicada.mp4,78,0.0831 0.0963 0.9169 0.8137,CC BY-SA 4.0,Eric Leuliette,File:Squirrel eating cicada.ogg,https://commons.wikimedia.org/wiki/File:Squirrel_eating_cicada.ogg,0.0417,0.0144,3.17,7.22
b025,typist,craft,Wheeler Cowperthwaite,Adding_a_new_ribbon_to_Smith_Corona_Galaxie.mp4,416,0.0000 0.1338 0.9761 0.8662,CC BY 2.0,Wheeler Cowperthwaite,File:Adding a new ribbon to Smith-Corona Galaxie.webm,https://commons.wikimedia.org/wiki/File:Adding_a_new_ribbon_to_Smith-Corona_Galaxie.webm,0.1469,0.0115,2.99,19.38
b031,blacksmith,craft,Directed by William K.L. Dickson,Blacksmith_Scene_1893_.mp4,742,0.0000 0.1734 1.0000 0.6656,Public domain,Directed by William K.L. Dickson,File:Blacksmith Scene (1893).webm,https://commons.wikimedia.org/wiki/File:Blacksmith_Scene_(1893).webm,0.1471,0.1211,12.14,18.13
b032,carpenter,craft,Mostafameraji,Carpentry_02.mp4,190,0.0000 0.0719 1.0000 0.8875,CC BY-SA 4.0,Mostafameraji,File:Carpentry 02.ogv,https://commons.wikimedia.org/wiki/File:Carpentry_02.ogv,0.1459,0.0268,3.89,19.82
b052,dancer,dance,Tcshaw427,Balanc_ballet_technique_tutorial.mp4,180,0.0000 0.0531 1.0000 0.8875,CC BY-SA 3.0,Tcshaw427,"File:Balancé, ballet technique tutorial.webm","https://commons.wikimedia.org/wiki/File:Balanc%C3%A9,_ballet_technique_tutorial.webm",0.1354,0.0113,1.08,13.56
b057,dancer,dance,Tcshaw427,Pas_de_bourr_e_jazz_dance_technique.mp4,170,0.0000 0.0531 1.0000 0.8875,CC BY-SA 3.0,Tcshaw427,"File:Pas de bourrée, jazz dance technique.webm","https://commons.wikimedia.org/wiki/File:Pas_de_bourr%C3%A9e,_jazz_dance_technique.webm",0.1254,0.0293,2.21,14.2
b063,dancer,dance,Tcshaw427,Pli_ballet_technique_tutorial.mp4,172,0.0000 0.0156 1.0000 0.8875,CC BY-SA 3.0,Tcshaw427,"File:Plié, ballet technique tutorial.webm","https://commons.wikimedia.org/wiki/File:Pli%C3%A9,_ballet_technique_tutorial.webm",0.1011,0.0229,1.88,9.08
b066,ballerina,dance,Fanny Schertzer,Sissonne.mp4,58,0.0000 0.1125 1.0000 0.8875,CC BY-SA 3.0,Fanny Schertzer,File:Sissonne.ogv,https://commons.wikimedia.org/wiki/File:Sissonne.ogv,0.0714,0.0427,4.05,8.37
b067,ballerina,dance,Fanny Schertzer,Sissonne.mp4,214,0.0000 0.0844 1.0000 0.8875,CC BY-SA 3.0,Fanny Schertzer,File:Sissonne.ogv,https://commons.wikimedia.org/wiki/File:Sissonne.ogv,0.0935,0.0179,2.32,12.23
b069,cook,craft,I Ate My Way Through,A_lesson_in_making_Chinese_hand_pulled_noodles_lamian_.mp4,426,0.0000 0.0000 1.0000 0.8875,CC BY 3.0,I Ate My Way Through,File:A lesson in making Chinese hand-pulled noodles (lamian).webm,https://commons.wikimedia.org/wiki/File:A_lesson_in_making_Chinese_hand-pulled_noodles_(lamian).webm,0.1023,0.0263,2.67,10.96
b070,cook,craft,I Ate My Way Through,A_lesson_in_making_Chinese_hand_pulled_noodles_lamian_.mp4,502,0.0000 0.0000 1.0000 0.8875,CC BY 3.0,I Ate My Way Through,File:A lesson in making Chinese hand-pulled noodles (lamian).webm,https://commons.wikimedia.org/wiki/File:A_lesson_in_making_Chinese_hand-pulled_noodles_(lamian).webm,0.121,0.0559,5.12,11.62
b071,signer,sign,"Operator : Lusine Bekaryan, Video Editor : Armine Bekaryan, Sign Language Interpreter : Gohar Melikyan for Wikimedia Armenia",Armenian_Sign_Language_ArSL_dough.mp4,112,0.0458 0.2563 0.8380 0.7437,CC BY-SA 4.0,"Operator : Lusine Bekaryan, Video Editor : Armine Bekaryan, Sign Language Interpreter : Gohar Melikyan for Wikimedia Armenia",File:Armenian Sign Language (ArSL) - խմոր - dough.webm,https://commons.wikimedia.org/wiki/File:Armenian_Sign_Language_(ArSL)_-_%D5%AD%D5%B4%D5%B8%D6%80_-_dough.webm,0.0729,0.0178,2.33,13.26
b078,kittens,animal,RenaatPeeters,Kittens.mp4,112,0.0000 0.1688 0.9859 0.6562,CC BY-SA 3.0,RenaatPeeters,File:Kittens.ogv,https://commons.wikimedia.org/wiki/File:Kittens.ogv,0.0522,0.0628,7.3,8.8
b081,guitarist,music,Elenaf,Accompagnamento_possibile_per_zombie_dei_Cranberries.mp4,86,0.0000 0.0328 1.0000 0.6656,CC BY-SA 4.0,Elenaf,File:Accompagnamento possibile per zombie dei Cranberries.webm,https://commons.wikimedia.org/wiki/File:Accompagnamento_possibile_per_zombie_dei_Cranberries.webm,0.1403,0.0284,3.96,16.22
b089,guitarist,music,Elenaf,La_galoppata_strum_chitarra_gallop_guitar_strum.mp4,312,0.0000 0.0000 1.0000 0.6656,CC BY-SA 3.0,Elenaf,File:La galoppata strum chitarra - gallop guitar strum.webm,https://commons.wikimedia.org/wiki/File:La_galoppata_strum_chitarra_-_gallop_guitar_strum.webm,0.0954,0.0521,6.54,12.98
b091,bass player,music,https://www.youtube.com/watch?v=6vCa-tJ4pf0,Slap_and_harmonics_on_a_5_string_bass_guitar.mp4,180,0.0000 0.0813 1.0000 0.8875,CC BY 4.0,https://www.youtube.com/watch?v=6vCa-tJ4pf0,File:Slap and harmonics on a 5 string bass guitar.ogv,https://commons.wikimedia.org/wiki/File:Slap_and_harmonics_on_a_5_string_bass_guitar.ogv,0.1473,0.0519,5.58,16.08
b092,guitarist,music,Mostafameraji,Tbilisi_Georgia_Mobile_Graphy_ambience_sound_lifestyle_05.mp4,668,0.0000 0.1125 1.0000 0.8875,CC BY-SA 4.0,Mostafameraji,File:Tbilisi Georgia - Mobile Graphy - ambience sound - lifestyle 05.ogv,https://commons.wikimedia.org/wiki/File:Tbilisi_Georgia_-_Mobile_Graphy_-_ambience_sound_-_lifestyle_05.ogv,0.0488,0.0214,3.38,7.75
b100,signer,sign,Sayvhior,_He_was_full_of_anger_in_Nigerian_Sign_Language.mp4,28,0.0000 0.4562 1.0000 0.2812,CC BY-SA 4.0,Sayvhior,File:‘He was full of anger’ in Nigerian Sign Language.webm,https://commons.wikimedia.org/wiki/File:%E2%80%98He_was_full_of_anger%E2%80%99_in_Nigerian_Sign_Language.webm,0.132,0.022,4.45,29.74
b105,signer,sign,Sayvhior,_Yes_I_am_a_woman_in_Nigerian_Sign_Language_03.mp4,42,0.0000 0.5406 1.0000 0.2812,CC BY-SA 4.0,Sayvhior,"File:‘Yes, I am a woman’ in Nigerian Sign Language 03.webm","https://commons.wikimedia.org/wiki/File:%E2%80%98Yes,_I_am_a_woman%E2%80%99_in_Nigerian_Sign_Language_03.webm",0.0927,0.0753,9.8,11.0
b107,bowling pins,object,RCraig09,20241018_4_5_7_spare_conversion_ten_pin_bowling.mp4,240,0.0000 0.0238 0.7493 0.6650,CC BY-SA 4.0,RCraig09,File:20241018 4-5-7 spare conversion - ten-pin bowling.webm,https://commons.wikimedia.org/wiki/File:20241018_4-5-7_spare_conversion_-_ten-pin_bowling.webm,0.043,0.0153,4.11,13.18
b113,archer,sport,Simon Allen,Field_Archery.mp4,88,0.0000 0.1125 1.0000 0.8875,CC BY 3.0,Simon Allen,File:Field Archery.webm,https://commons.wikimedia.org/wiki/File:Field_Archery.webm,0.0842,0.0242,4.26,11.45
b114,archer,sport,Simon Allen,Field_Archery.mp4,794,0.0000 0.1125 1.0000 0.8875,CC BY 3.0,Simon Allen,File:Field Archery.webm,https://commons.wikimedia.org/wiki/File:Field_Archery.webm,0.1101,0.0294,4.39,13.21
b121,bowler,sport,U.S. Navy video by Seaman Colin Lightner,Sasebo_Friendship_Bowling_Tournament_951076_.mp4,338,0.0000 0.1125 1.0000 0.8875,Public domain,U.S. Navy video by Seaman Colin Lightner,File:Sasebo Friendship Bowling Tournament (951076).webm,https://commons.wikimedia.org/wiki/File:Sasebo_Friendship_Bowling_Tournament_(951076).webm,0.1366,0.0307,3.23,17.59
b130,judo fighters,combat,Rodrigo,Tai_otoshi_in_detail_by_Laszlo_Horvath_edited_0.mp4,62,0.0000 0.1484 1.0000 0.7094,CC BY-SA 4.0,Rodrigo,File:Tai-otoshi in detail by Laszlo Horvath edited 0.webm,https://commons.wikimedia.org/wiki/File:Tai-otoshi_in_detail_by_Laszlo_Horvath_edited_0.webm,0.1362,0.0446,4.98,15.61
b131,judo fighters,combat,Rodrigo,Tai_otoshi_in_detail_by_Laszlo_Horvath_edited_0.mp4,162,0.0000 0.1266 1.0000 0.7094,CC BY-SA 4.0,Rodrigo,File:Tai-otoshi in detail by Laszlo Horvath edited 0.webm,https://commons.wikimedia.org/wiki/File:Tai-otoshi_in_detail_by_Laszlo_Horvath_edited_0.webm,0.1482,0.0639,6.36,17.11
