burst,noun,category,file,start,crop,licence,author,title,page,area,bg,onset,strength
b018,boxer,combat,Boxing_Heavy_Bag_Analysis.mp4,442,0.0000 0.0531 1.0000 0.8875,CC BY 4.0,UncleSamPatriot,File:Boxing Heavy Bag Analysis.webm,https://commons.wikimedia.org/wiki/File:Boxing_Heavy_Bag_Analysis.webm,0.1151,1.7,0.0593,6.013
b019,boxer,combat,Boxing_Heavy_Bag_Analysis.mp4,544,0.0000 0.1125 1.0000 0.8875,CC BY 4.0,UncleSamPatriot,File:Boxing Heavy Bag Analysis.webm,https://commons.wikimedia.org/wiki/File:Boxing_Heavy_Bag_Analysis.webm,0.0859,1.44,0.0149,4.52
b022,karate practitioner,combat,Karate_Hean_Nidan.mp4,354,0.0000 0.3125 0.7887 0.5250,CC BY-SA 4.0,Sdcsabac,"File:Karate, Hean Nidan.webm","https://commons.wikimedia.org/wiki/File:Karate,_Hean_Nidan.webm",0.04,1.53,0.006,2.32
b025,karate practitioner,combat,Karate_Hean_Sandan.mp4,310,0.0662 0.2925 0.8676 0.5775,CC BY-SA 4.0,Sdcsabac,"File:Karate, Hean Sandan.webm","https://commons.wikimedia.org/wiki/File:Karate,_Hean_Sandan.webm",0.0182,0.87,0.004,1.105
b027,karate practitioner,combat,Karate_Hean_Shodan.mp4,415,0.0000 0.3172 1.0000 0.6656,CC BY-SA 4.0,Sdcsabac,"File:Karate, Hean Shodan.webm","https://commons.wikimedia.org/wiki/File:Karate,_Hean_Shodan.webm",0.1357,0.84,0.0523,10.571
b032,weightlifter,lift,Overhead_Lunge_and_Twist.mp4,138,0.0000 0.1266 1.0000 0.6656,CC BY-SA 4.0,Taco fleur,File:Overhead Lunge and Twist.webm,https://commons.wikimedia.org/wiki/File:Overhead_Lunge_and_Twist.webm,0.0591,0.68,0.0097,3.547
b039,person doing a pull-up,bodyweight,A_one_arm_pull_up_from_a_tree_branch_Solodkyi_Serhii_6469.mp4,612,0.0000 0.0531 1.0000 0.8875,CC BY-SA 4.0,Fenix1000,File:A one-arm pull-up from a tree branch - Solodkyi Serhii 6469.webm,https://commons.wikimedia.org/wiki/File:A_one-arm_pull-up_from_a_tree_branch_-_Solodkyi_Serhii_6469.webm,0.0566,1.95,0.0191,2.655
b041,person doing a squat jump,bodyweight,Conditioning_Drill_3_Alternate_Staggered_Squat_Jump.mp4,1058,0.0000 0.0250 1.0000 0.8875,Public domain,Army Combat Fitness Test,File:Conditioning Drill 3- Alternate Staggered Squat Jump.webm,https://commons.wikimedia.org/wiki/File:Conditioning_Drill_3-_Alternate_Staggered_Squat_Jump.webm,0.1422,0.44,0.0043,15.793
b042,person doing a squat jump,bodyweight,Conditioning_Drill_3_Alternate_Staggered_Squat_Jump.mp4,1234,0.0000 0.0156 1.0000 0.8875,Public domain,Army Combat Fitness Test,File:Conditioning Drill 3- Alternate Staggered Squat Jump.webm,https://commons.wikimedia.org/wiki/File:Conditioning_Drill_3-_Alternate_Staggered_Squat_Jump.webm,0.1452,0.48,0.0384,18.157
b043,person doing a burpee,bodyweight,CrossFit_Burpee.mp4,220,0.0000 0.3975 0.8808 0.5862,CC BY-SA 4.0,Taco fleur,File:CrossFit Burpee.webm,https://commons.wikimedia.org/wiki/File:CrossFit_Burpee.webm,0.0928,0.53,0.043,7.555
b044,person doing a burpee,bodyweight,CrossFit_Burpee.mp4,300,0.0000 0.4294 0.8413 0.5600,CC BY-SA 4.0,Taco fleur,File:CrossFit Burpee.webm,https://commons.wikimedia.org/wiki/File:CrossFit_Burpee.webm,0.0882,1.06,0.0354,7.923
b047,person doing push-ups,bodyweight,Interval_Push_ups.mp4,470,0.2188 0.4363 0.6704 0.4462,CC BY-SA 4.0,Taco fleur,File:Interval Push-ups.webm,https://commons.wikimedia.org/wiki/File:Interval_Push-ups.webm,0.0535,0.31,0.0136,6.448
b057,horse,other,Horse_eating_MVI_7496_MOV.mp4,196,0.0000 0.1734 1.0000 0.6656,CC BY-SA 2.0 fr,Rama,File:Horse eating MVI 7496.MOV.ogv,https://commons.wikimedia.org/wiki/File:Horse_eating_MVI_7496.MOV.ogv,0.1021,1.87,0.0122,5.867
b079,locust,other,Locusta_migratoria_female_flying_HighSpeedPhoto.mp4,104,0.0000 0.0750 1.0000 0.8875,CC BY-SA 4.0,Phonon.b,File:Locusta migratoria female flying HighSpeedPhoto.webm,https://commons.wikimedia.org/wiki/File:Locusta_migratoria_female_flying_HighSpeedPhoto.webm,0.1335,0.7,0.0558,7.021
b089,weightlifter,lift,Dead_Snatch_into_Reverse_Lunge.mp4,192,0.0000 0.2078 1.0000 0.6656,CC BY-SA 4.0,Taco fleur,File:Dead Snatch into Reverse Lunge.webm,https://commons.wikimedia.org/wiki/File:Dead_Snatch_into_Reverse_Lunge.webm,0.0511,0.67,0.0139,4.406
b093,weightlifter,lift,Double_Kettlebell_Full_Snatch.mp4,194,0.0000 0.2578 1.0000 0.6656,CC BY-SA 4.0,Taco fleur,File:Double Kettlebell Full Snatch.webm,https://commons.wikimedia.org/wiki/File:Double_Kettlebell_Full_Snatch.webm,0.047,0.53,0.0049,3.994
b095,weightlifter,lift,Kettlebell_Dead_Clean_Squat_Thruster_Snatch.mp4,180,0.0000 0.2391 1.0000 0.6656,CC BY-SA 4.0,Taco fleur,File:Kettlebell Dead Clean Squat Thruster Snatch.webm,https://commons.wikimedia.org/wiki/File:Kettlebell_Dead_Clean_Squat_Thruster_Snatch.webm,0.0899,1.9,0.0216,6.482
b098,weightlifter,lift,Kettlebell_Dead_Clean_Squat_Thruster_Snatch_Combo.mp4,146,0.0000 0.0969 1.0000 0.8875,CC BY-SA 4.0,Taco fleur,File:Kettlebell Dead Clean Squat Thruster Snatch Combo.webm,https://commons.wikimedia.org/wiki/File:Kettlebell_Dead_Clean_Squat_Thruster_Snatch_Combo.webm,0.104,1.97,0.0244,7.2
b099,weightlifter,lift,Kettlebell_Dead_Snatch_Squat_Slow_mo.mp4,180,0.0000 0.1766 1.0000 0.6656,CC BY-SA 4.0,Taco fleur,File:Kettlebell Dead Snatch Squat Slow-mo.webm,https://commons.wikimedia.org/wiki/File:Kettlebell_Dead_Snatch_Squat_Slow-mo.webm,0.0746,0.36,0.0201,6.664
b102,weightlifter,lift,Kettlebell_Dead_Snatch_Squat_and_Kettlebell_Windmill.mp4,1648,0.0000 0.1984 1.0000 0.6656,CC BY-SA 4.0,Taco fleur,File:Kettlebell Dead Snatch Squat and Kettlebell Windmill.webm,https://commons.wikimedia.org/wiki/File:Kettlebell_Dead_Snatch_Squat_and_Kettlebell_Windmill.webm,0.094,0.43,0.0223,7.573
b103,weightlifter,lift,Kettlebell_Juggling_Switch_and_Open_Palm_Clean.mp4,396,0.0000 0.2953 1.0000 0.6656,CC BY-SA 4.0,Taco fleur,File:Kettlebell Juggling - Switch and Open Palm Clean.webm,https://commons.wikimedia.org/wiki/File:Kettlebell_Juggling_-_Switch_and_Open_Palm_Clean.webm,0.0417,0.38,0.0086,4.403
b105,weightlifter,lift,Kettlebell_Open_Palm_Snatch.mp4,140,0.0000 0.2641 1.0000 0.6656,CC BY-SA 4.0,Taco fleur,File:Kettlebell Open Palm Snatch.webm,https://commons.wikimedia.org/wiki/File:Kettlebell_Open_Palm_Snatch.webm,0.0464,0.31,0.0115,4.11
b107,weightlifter,lift,Kettlebell_Snatch.mp4,68,0.0000 0.0875 1.0000 0.8875,CC BY-SA 4.0,Taco fleur,File:Kettlebell Snatch.webm,https://commons.wikimedia.org/wiki/File:Kettlebell_Snatch.webm,0.0564,0.51,0.0167,7.543
b109,weightlifter,lift,Kettlebell_Snatch_into_Overhead_Reverse_Lunge.mp4,388,0.0000 0.1797 1.0000 0.6656,CC BY-SA 4.0,Taco fleur,File:Kettlebell Snatch into Overhead Reverse Lunge.webm,https://commons.wikimedia.org/wiki/File:Kettlebell_Snatch_into_Overhead_Reverse_Lunge.webm,0.0443,1.13,0.0199,2.369
b111,weightlifter,lift,Kettlebell_half_snatch_with_double_bell.mp4,350,0.0000 0.2234 1.0000 0.6656,CC BY-SA 4.0,Taco fleur,File:Kettlebell half snatch with double bell.webm,https://commons.wikimedia.org/wiki/File:Kettlebell_half_snatch_with_double_bell.webm,0.0667,0.35,0.0017,3.919
b131,juggler,performer,Gevelsberg_Mittelstra_e_Boulevard_2012_mT_05_ies.mp4,97,0.0000 0.1156 1.0000 0.8844,CC BY-SA 3.0,Frank Vincentz,File:Gevelsberg - Mittelstraße - Boulevard 2012 (mT) 05 ies.ogv,https://commons.wikimedia.org/wiki/File:Gevelsberg_-_Mittelstra%C3%9Fe_-_Boulevard_2012_(mT)_05_ies.ogv,0.1134,1.14,0.0431,10.614
b165,scientist,other,06_.mp4,230,0.0000 0.0813 1.0000 0.8875,CC BY-SA 4.0,Petrovskyz,File:06. Директна синтеза на алуминиум јодид.webm,https://commons.wikimedia.org/wiki/File:06._%D0%94%D0%B8%D1%80%D0%B5%D0%BA%D1%82%D0%BD%D0%B0_%D1%81%D0%B8%D0%BD%D1%82%D0%B5%D0%B7%D0%B0_%D0%BD%D0%B0_%D0%B0%D0%BB%D1%83%D0%BC%D0%B8%D0%BD%D0%B8%D1%83%D0%BC_%D1%98%D0%BE%D0%B4%D0%B8%D0%B4.webm,0.0627,0.45,0.0096,3.955
b183,chameleon,other,Furcifer_pardalis_moving_eyes.mp4,364,0.1641 0.3175 0.7000 0.6212,CC BY-SA 3.0,MatthiasKabel,File:Furcifer pardalis moving eyes.ogv,https://commons.wikimedia.org/wiki/File:Furcifer_pardalis_moving_eyes.ogv,0.0201,0.72,0.0151,1.006
b185,metal droplets,other,Gallium_drops.mp4,156,0.0000 0.0844 1.0000 0.8875,CC BY-SA 4.0,Tavo Romann,File:Gallium drops.ogv,https://commons.wikimedia.org/wiki/File:Gallium_drops.ogv,0.0942,0.8,0.0079,5.411
