item,path,interval_ms,gt,pred,margin,lpA,lpB,lpC,lpD,n_frames,queried,top_token,response
order_real,data/videos_real_pilot/int_67ms/real_67_00000.avi,67,0,0,-1.8977,-11.8846,-10.9472,-12.7257,-12.3213,8,b,NO,NO.
order_rev,data/videos_real_pilot/int_67ms/real_67_00000.avi,67,0,0,-0.3138,-11.4405,-11.253,-12.3434,-11.9395,8,b,NO,NO.
moved_real,data/videos_real_pilot/int_67ms/real_67_00000.avi,67,1,0,-0.0518,-11.5389,-11.3512,-12.6285,-11.8193,8,b,NO,NO.
moved_twin,data/twin_real_pilot/real_67_00000.avi,67,0,0,-1.0274,-11.437,-11.5617,-12.6833,-11.936,8,b,NO,NO.
order_twin,data/twin_real_pilot/real_67_00000.avi,67,-1,0,-1.8785,-11.8674,-11.1174,-12.8959,-12.429,8,b,NO,NO.
order_real,data/videos_real_pilot/int_67ms/real_67_00000_flip.avi,67,1,0,-1.7728,-11.8394,-10.9019,-12.7115,-12.276,8,b,NO,NO.
order_real,data/videos_real_pilot/int_67ms/real_67_00012.avi,67,0,0,-1.7265,-11.5113,-10.9487,-12.4458,-11.8542,8,a,NO,NO.
order_rev,data/videos_real_pilot/int_67ms/real_67_00012.avi,67,0,0,-1.1156,-11.5917,-11.4041,-12.4329,-12.0283,8,a,NO,NO.
moved_real,data/videos_real_pilot/int_67ms/real_67_00012.avi,67,1,0,-1.3512,-11.6397,-11.577,-12.6057,-11.8267,8,a,NO,NO.
moved_twin,data/twin_real_pilot/real_67_00012.avi,67,0,0,-1.2778,-11.688,-11.8127,-12.8415,-12.1247,8,a,NO,NO.
order_twin,data/twin_real_pilot/real_67_00012.avi,67,-1,0,-1.6321,-11.4638,-10.9638,-12.367,-11.8067,8,a,NO,NO.
order_real,data/videos_real_pilot/int_67ms/real_67_00012_flip.avi,67,1,0,-1.8061,-11.4373,-10.8747,-12.372,-11.749,8,a,NO,NO.
order_real,data/videos_real_pilot/int_67ms/real_67_00024.avi,67,0,0,-0.9474,-11.5829,-10.7704,-12.5176,-11.9572,8,a,NO,NO.
order_rev,data/videos_real_pilot/int_67ms/real_67_00024.avi,67,0,0,-1.447,-11.5293,-11.4042,-12.588,-12.1845,8,a,NO,NO.
moved_real,data/videos_real_pilot/int_67ms/real_67_00024.avi,67,1,0,-1.7793,-11.5257,-11.7128,-12.7724,-12.1497,8,a,NO,NO.
moved_twin,data/twin_real_pilot/real_67_00024.avi,67,0,0,-2.6339,-11.8221,-12.1343,-13.2263,-12.7588,8,a,NO,NO.
order_twin,data/twin_real_pilot/real_67_00024.avi,67,-1,0,-2.3227,-11.7852,-11.2851,-12.846,-12.3472,8,a,NO,NO.
order_real,data/videos_real_pilot/int_67ms/real_67_00024_flip.avi,67,1,0,-1.1813,-11.6144,-10.9268,-12.5806,-12.0512,8,a,NO,NO.
order_real,data/videos_real_pilot/int_67ms/real_67_00036.avi,67,0,0,-2.5261,-12.2053,-11.9552,-13.2346,-12.8296,8,b,NO,NO.
order_rev,data/videos_real_pilot/int_67ms/real_67_00036.avi,67,0,0,-1.8521,-11.4755,-11.288,-12.4727,-12.1308,8,b,NO,NO.
moved_real,data/videos_real_pilot/int_67ms/real_67_00036.avi,67,1,0,-1.552,-11.8742,-11.9365,-12.9029,-12.4358,8,b,NO,NO.
moved_twin,data/twin_real_pilot/real_67_00036.avi,67,0,0,-1.3978,-11.9034,-11.9032,-12.9006,-12.4024,8,b,NO,NO.
order_twin,data/twin_real_pilot/real_67_00036.avi,67,-1,0,-2.7361,-12.2069,-11.9568,-13.2052,-12.8313,8,b,NO,NO.
order_real,data/videos_real_pilot/int_67ms/real_67_00036_flip.avi,67,1,0,-2.5153,-12.097,-11.847,-13.1264,-12.7213,8,b,NO,NO.
order_real,data/videos_real_pilot/int_67ms/real_67_00048.avi,67,0,0,-2.0877,-11.7202,-10.9078,-12.6553,-12.2196,8,b,NO,NO.
order_rev,data/videos_real_pilot/int_67ms/real_67_00048.avi,67,0,0,-1.4386,-11.5424,-11.2299,-12.5083,-12.1041,8,b,NO,NO.
moved_real,data/videos_real_pilot/int_67ms/real_67_00048.avi,67,1,0,-0.7385,-11.3966,-11.2714,-12.5186,-11.7709,8,b,NO,NO.
moved_twin,data/twin_real_pilot/real_67_00048.avi,67,0,0,-0.8638,-11.3577,-11.3575,-12.5108,-11.8256,8,b,NO,NO.
order_twin,data/twin_real_pilot/real_67_00048.avi,67,-1,0,-2.5423,-11.8826,-11.1326,-12.8493,-12.4444,8,b,NO,NO.
order_real,data/videos_real_pilot/int_67ms/real_67_00048_flip.avi,67,1,0,-2.2127,-11.7069,-10.9569,-12.6733,-12.2063,8,b,NO,NO.
order_real,data/videos_real_pilot/int_100ms/real_100_00001.avi,100,1,0,-0.5423,-11.516,-10.9535,-12.7316,-12.1713,8,a,NO,NO.
order_rev,data/videos_real_pilot/int_100ms/real_100_00001.avi,100,1,0,-2.9214,-12.0292,-11.9666,-13.3399,-12.841,8,a,NO,NO.
moved_real,data/videos_real_pilot/int_100ms/real_100_00001.avi,100,1,1,0.8422,-11.4884,-11.5508,-13.1091,-12.1125,8,a,YES,YES.
moved_twin,data/twin_real_pilot/real_100_00001.avi,100,0,0,-0.8737,-11.264,-11.5761,-12.8223,-11.9815,8,a,NO,NO.
order_twin,data/twin_real_pilot/real_100_00001.avi,100,-1,0,-1.0222,-11.5742,-11.0117,-12.8836,-12.3231,8,a,NO,NO.
order_real,data/videos_real_pilot/int_100ms/real_100_00001_flip.avi,100,0,0,-0.689,-11.5487,-11.0486,-12.7643,-12.2352,8,a,NO,NO.
order_real,data/videos_real_pilot/int_100ms/real_100_00013.avi,100,0,0,-2.2574,-11.8206,-11.1956,-12.8805,-12.3823,8,b,NO,NO.
order_rev,data/videos_real_pilot/int_100ms/real_100_00013.avi,100,0,0,-2.7537,-11.9737,-11.8486,-13.0346,-12.6605,8,b,NO,NO.
moved_real,data/videos_real_pilot/int_100ms/real_100_00013.avi,100,1,0,-1.2132,-11.3894,-11.5141,-12.8236,-12.0759,8,b,NO,NO.
moved_twin,data/twin_real_pilot/real_100_00013.avi,100,0,0,-1.4144,-11.5959,-11.6582,-12.9058,-12.22,8,b,NO,NO.
order_twin,data/twin_real_pilot/real_100_00013.avi,100,-1,0,-2.6324,-11.7903,-11.2902,-12.8819,-12.3521,8,b,NO,NO.
order_real,data/videos_real_pilot/int_100ms/real_100_00013_flip.avi,100,1,0,-2.3064,-11.8161,-11.1911,-12.8759,-12.3778,8,b,NO,NO.
order_real,data/videos_real_pilot/int_100ms/real_100_00025.avi,100,1,0,-2.0963,-11.841,-11.216,-12.9012,-12.4653,8,b,NO,NO.
order_rev,data/videos_real_pilot/int_100ms/real_100_00025.avi,100,1,0,-1.9019,-11.457,-11.2069,-12.5479,-12.0811,8,b,NO,NO.
moved_real,data/videos_real_pilot/int_100ms/real_100_00025.avi,100,1,0,-0.8213,-11.5571,-11.3071,-12.6485,-12.1813,8,b,NO,NO.
moved_twin,data/twin_real_pilot/real_100_00025.avi,100,0,0,-3.0822,-12.146,-12.2085,-13.5824,-13.208,8,b,NO,NO.
order_twin,data/twin_real_pilot/real_100_00025.avi,100,-1,0,-2.6287,-11.8569,-11.6067,-13.1051,-12.7311,8,b,NO,NO.
order_real,data/videos_real_pilot/int_100ms/real_100_00025_flip.avi,100,0,0,-2.0034,-11.8516,-11.2266,-12.9117,-12.5382,8,b,NO,NO.
order_real,data/videos_real_pilot/int_100ms/real_100_00037.avi,100,1,0,-1.5123,-11.9655,-11.2156,-12.869,-12.4022,8,b,NO,NO.
order_rev,data/videos_real_pilot/int_100ms/real_100_00037.avi,100,1,0,-1.9314,-11.6691,-11.5439,-12.7601,-12.2931,8,b,NO,NO.
moved_real,data/videos_real_pilot/int_100ms/real_100_00037.avi,100,1,0,-0.2393,-11.5857,-11.5231,-12.8947,-12.0848,8,b,NO,NO.
moved_twin,data/twin_real_pilot/real_100_00037.avi,100,0,0,-0.5562,-11.5501,-11.4874,-12.7967,-12.049,8,b,NO,NO.
order_twin,data/twin_real_pilot/real_100_00037.avi,100,-1,0,-1.8658,-12.0756,-11.3882,-13.0418,-12.606,8,b,NO,NO.
order_real,data/videos_real_pilot/int_100ms/real_100_00037_flip.avi,100,0,0,-1.4771,-11.9097,-11.1598,-12.7819,-12.3152,8,b,NO,NO.
order_real,data/videos_real_pilot/int_100ms/real_100_00049.avi,100,1,0,-2.0885,-11.4336,-11.121,-12.6807,-12.0578,8,a,NO,NO.
order_rev,data/videos_real_pilot/int_100ms/real_100_00049.avi,100,1,0,-2.3525,-12.1684,-11.7934,-13.354,-12.8553,8,a,NO,NO.
moved_real,data/videos_real_pilot/int_100ms/real_100_00049.avi,100,1,0,-0.9115,-11.3797,-11.6293,-12.7199,-11.9099,8,a,NO,NO.
moved_twin,data/twin_real_pilot/real_100_00049.avi,100,0,0,-1.8644,-11.5243,-11.8989,-12.865,-12.1796,8,a,NO,NO.
order_twin,data/twin_real_pilot/real_100_00049.avi,100,-1,0,-2.5397,-11.5172,-11.2671,-12.8587,-12.2666,8,a,NO,NO.
order_real,data/videos_real_pilot/int_100ms/real_100_00049_flip.avi,100,0,0,-1.8384,-11.4646,-11.1519,-12.6488,-12.0262,8,a,NO,NO.
order_real,data/videos_real_pilot/int_200ms/real_200_00002.avi,200,0,0,-0.882,-11.3192,-10.5692,-12.3162,-11.756,8,a,NO,NO.
order_rev,data/videos_real_pilot/int_200ms/real_200_00002.avi,200,0,0,-1.963,-11.449,-11.4488,-12.4146,-12.0417,8,a,NO,NO.
moved_real,data/videos_real_pilot/int_200ms/real_200_00002.avi,200,1,0,-1.5215,-11.3635,-11.4881,-12.4855,-11.8314,8,a,NO,NO.
moved_twin,data/twin_real_pilot/real_200_00002.avi,200,0,0,-1.4042,-11.4649,-11.5271,-12.3997,-11.8391,8,a,NO,NO.
order_twin,data/twin_real_pilot/real_200_00002.avi,200,-1,0,-1.3225,-11.5543,-10.8043,-12.3955,-11.8662,8,a,NO,NO.
order_real,data/videos_real_pilot/int_200ms/real_200_00002_flip.avi,200,1,0,-0.8381,-11.3021,-10.6145,-12.2989,-11.7388,8,a,NO,NO.
order_real,data/videos_real_pilot/int_200ms/real_200_00014.avi,200,1,0,-1.3605,-11.4374,-10.8749,-12.6209,-12.2486,8,b,NO,NO.
order_rev,data/videos_real_pilot/int_200ms/real_200_00014.avi,200,1,0,-2.2959,-11.4492,-11.449,-12.7587,-12.3855,8,b,NO,NO.
moved_real,data/videos_real_pilot/int_200ms/real_200_00014.avi,200,1,0,-0.1838,-11.3949,-11.3948,-12.4235,-12.0503,8,b,NO,NO.
moved_twin,data/twin_real_pilot/real_200_00014.avi,200,0,0,-1.5873,-11.7063,-12.0186,-12.9542,-12.4868,8,b,NO,NO.
order_twin,data/twin_real_pilot/real_200_00014.avi,200,-1,0,-2.2537,-11.7,-11.5749,-13.0726,-12.7616,8,b,NO,NO.
order_real,data/videos_real_pilot/int_200ms/real_200_00014_flip.avi,200,0,0,-1.5033,-11.4897,-10.9272,-12.6425,-12.2699,8,b,NO,NO.
order_real,data/videos_real_pilot/int_200ms/real_200_00026.avi,200,1,0,-2.4476,-11.8995,-11.2744,-12.9286,-12.3989,8,b,NO,NO.
order_rev,data/videos_real_pilot/int_200ms/real_200_00026.avi,200,1,0,-1.5561,-11.3513,-11.3511,-12.5973,-12.1937,8,b,NO,NO.
moved_real,data/videos_real_pilot/int_200ms/real_200_00026.avi,200,1,0,0.136,-11.2073,-11.2695,-12.454,-11.7689,8,b,NO,NO.
moved_twin,data/twin_real_pilot/real_200_00026.avi,200,0,0,-1.3628,-11.1815,-11.3687,-12.5224,-11.9306,8,b,NO,NO.
order_twin,data/twin_real_pilot/real_200_00026.avi,200,-1,0,-2.7275,-11.8916,-11.5165,-13.0147,-12.516,8,b,NO,NO.
order_real,data/videos_real_pilot/int_200ms/real_200_00026_flip.avi,200,0,0,-2.6889,-12.019,-11.3315,-12.9546,-12.5184,8,b,NO,NO.
order_real,data/videos_real_pilot/int_200ms/real_200_00038.avi,200,1,0,-2.5126,-11.9063,-11.4063,-12.9979,-12.5931,8,b,NO,NO.
order_rev,data/videos_real_pilot/int_200ms/real_200_00038.avi,200,1,0,-1.2273,-11.7111,-11.461,-12.7392,-12.3351,8,b,NO,NO.
moved_real,data/videos_real_pilot/int_200ms/real_200_00038.avi,200,1,0,-2.1527,-11.8016,-11.9889,-13.0182,-12.3636,8,b,NO,NO.
moved_twin,data/twin_real_pilot/real_200_00038.avi,200,0,0,-2.1017,-11.7737,-12.0234,-12.9902,-12.4605,8,b,NO,NO.
order_twin,data/twin_real_pilot/real_200_00038.avi,200,-1,0,-2.8787,-12.0289,-11.6538,-13.2144,-12.7783,8,b,NO,NO.
order_real,data/videos_real_pilot/int_200ms/real_200_00038_flip.avi,200,0,0,-2.8466,-12.1554,-11.7179,-13.341,-12.9673,8,b,NO,NO.
order_real,data/videos_real_pilot/int_200ms/real_200_00050.avi,200,1,0,-1.9309,-11.4824,-10.7949,-12.3857,-11.9192,8,a,NO,NO.
order_rev,data/videos_real_pilot/int_200ms/real_200_00050.avi,200,1,0,-0.6156,-11.4896,-11.177,-12.5177,-12.1137,8,a,NO,NO.
moved_real,data/videos_real_pilot/int_200ms/real_200_00050.avi,200,1,0,-0.7523,-11.2775,-11.0898,-12.1809,-11.5894,8,a,NO,NO.
moved_twin,data/twin_real_pilot/real_200_00050.avi,200,0,0,-1.42,-11.5236,-11.5234,-12.4273,-11.898,8,a,NO,NO.
order_twin,data/twin_real_pilot/real_200_00050.avi,200,-1,0,-2.0395,-11.5011,-11.001,-12.5295,-12.1251,8,a,NO,NO.
order_real,data/videos_real_pilot/int_200ms/real_200_00050_flip.avi,200,0,0,-1.9311,-11.4823,-10.8572,-12.3858,-11.9191,8,a,NO,NO.
order_real,data/videos_real_pilot/int_333ms/real_333_00003.avi,333,0,0,-1.9557,-11.6274,-11.2523,-12.8438,-12.3766,8,a,NO,NO.
order_rev,data/videos_real_pilot/int_333ms/real_333_00003.avi,333,0,0,-2.0459,-11.4747,-11.2246,-12.6288,-12.1615,8,a,NO,NO.
moved_real,data/videos_real_pilot/int_333ms/real_333_00003.avi,333,1,1,0.2841,-11.3505,-11.163,-12.5355,-11.9747,8,a,YES,YES.
moved_twin,data/twin_real_pilot/real_333_00003.avi,333,0,0,-1.7125,-11.4982,-11.6231,-12.8718,-12.3726,8,a,NO,NO.
order_twin,data/twin_real_pilot/real_333_00003.avi,333,-1,0,-2.4479,-11.4007,-11.4005,-12.6804,-12.3375,8,a,NO,NO.
order_real,data/videos_real_pilot/int_333ms/real_333_00003_flip.avi,333,1,0,-1.5638,-11.4575,-11.0824,-12.7047,-12.1753,8,a,NO,NO.
order_real,data/videos_real_pilot/int_333ms/real_333_00015.avi,333,0,0,-1.0457,-11.5304,-10.6555,-12.34,-11.9046,8,b,NO,NO.
order_rev,data/videos_real_pilot/int_333ms/real_333_00015.avi,333,0,0,-2.152,-11.8019,-11.6143,-12.768,-12.3948,8,b,NO,NO.
moved_real,data/videos_real_pilot/int_333ms/real_333_00015.avi,333,1,0,-0.0033,-11.6668,-11.3543,-12.7583,-12.1038,8,b,NO,NO.
moved_twin,data/twin_real_pilot/real_333_00015.avi,333,0,0,-1.8522,-11.974,-11.9114,-13.0345,-12.4735,8,b,NO,NO.
order_twin,data/twin_real_pilot/real_333_00015.avi,333,-1,0,-1.0878,-11.457,-10.832,-12.3293,-11.8625,8,b,NO,NO.
order_real,data/videos_real_pilot/int_333ms/real_333_00015_flip.avi,333,1,0,-1.3375,-11.6493,-10.7745,-12.3967,-11.9924,8,b,NO,NO.
order_real,data/videos_real_pilot/int_333ms/real_333_00027.avi,333,0,0,-1.5546,-11.4464,-10.8213,-12.5368,-12.0079,8,a,NO,NO.
order_rev,data/videos_real_pilot/int_333ms/real_333_00027.avi,333,0,0,-0.9904,-11.5613,-11.2488,-12.5899,-12.1542,8,a,NO,NO.
moved_real,data/videos_real_pilot/int_333ms/real_333_00027.avi,333,1,0,-0.4627,-11.4923,-11.4922,-12.6766,-11.8042,8,a,NO,NO.
moved_twin,data/twin_real_pilot/real_333_00027.avi,333,0,0,-1.2801,-11.597,-11.7842,-12.8755,-12.1586,8,a,NO,NO.
order_twin,data/twin_real_pilot/real_333_00027.avi,333,-1,0,-1.8178,-11.416,-10.9158,-12.569,-12.04,8,a,NO,NO.
order_real,data/videos_real_pilot/int_333ms/real_333_00027_flip.avi,333,1,0,-1.5213,-11.4249,-10.8623,-12.5464,-11.9864,8,a,NO,NO.
order_real,data/videos_real_pilot/int_333ms/real_333_00039.avi,333,1,0,-2.9021,-12.1195,-11.4944,-12.93,-12.6188,8,b,NO,NO.
order_rev,data/videos_real_pilot/int_333ms/real_333_00039.avi,333,1,0,-2.1889,-11.685,-11.5599,-12.6826,-12.434,8,b,NO,NO.
moved_real,data/videos_real_pilot/int_333ms/real_333_00039.avi,333,1,0,-1.2406,-11.8109,-11.6858,-12.9336,-12.4353,8,b,NO,NO.
moved_twin,data/twin_real_pilot/real_333_00039.avi,333,0,0,-1.9909,-11.9967,-11.9966,-13.12,-12.6837,8,b,NO,NO.
order_twin,data/twin_real_pilot/real_333_00039.avi,333,-1,0,-3.5967,-12.4382,-11.8756,-13.4368,-13.1876,8,b,NO,NO.
order_real,data/videos_real_pilot/int_333ms/real_333_00039_flip.avi,333,0,0,-3.1324,-12.3249,-11.6374,-13.1358,-12.8869,8,b,NO,NO.
order_real,data/videos_real_pilot/int_333ms/real_333_00051.avi,333,0,0,-0.3822,-11.4303,-10.8677,-12.4889,-11.898,8,a,NO,NO.
order_rev,data/videos_real_pilot/int_333ms/real_333_00051.avi,333,0,0,-1.7922,-11.8983,-11.5857,-12.9579,-12.5847,8,a,NO,NO.
moved_real,data/videos_real_pilot/int_333ms/real_333_00051.avi,333,1,0,-0.2683,-11.2909,-11.478,-12.6927,-11.9459,8,a,NO,NO.
moved_twin,data/twin_real_pilot/real_333_00051.avi,333,0,0,-1.1995,-11.3657,-11.6778,-12.7679,-12.0519,8,a,NO,NO.
order_twin,data/twin_real_pilot/real_333_00051.avi,333,-1,0,-0.7574,-11.2327,-10.7326,-12.3229,-11.8253,8,a,NO,NO.
order_real,data/videos_real_pilot/int_333ms/real_333_00051_flip.avi,333,1,0,-0.5271,-11.3451,-10.7825,-12.466,-11.8752,8,a,NO,NO.
order_real,data/videos_real_pilot/int_500ms/real_500_00004.avi,500,1,0,-0.9863,-11.3222,-10.6971,-12.5366,-11.9459,8,a,NO,NO.
order_rev,data/videos_real_pilot/int_500ms/real_500_00004.avi,500,1,0,-0.602,-11.4545,-11.3295,-12.5446,-12.172,8,a,NO,NO.
moved_real,data/videos_real_pilot/int_500ms/real_500_00004.avi,500,1,0,-0.6433,-11.2078,-11.3325,-12.5789,-11.863,8,a,NO,NO.
moved_twin,data/twin_real_pilot/real_500_00004.avi,500,0,0,-1.0886,-11.3569,-11.7314,-12.8224,-12.1682,8,a,NO,NO.
order_twin,data/twin_real_pilot/real_500_00004.avi,500,-1,0,-1.1469,-11.4406,-10.8779,-12.7176,-12.1579,8,a,NO,NO.
order_real,data/videos_real_pilot/int_500ms/real_500_00004_flip.avi,500,0,0,-0.9779,-11.388,-10.6379,-12.571,-12.0429,8,a,NO,NO.
order_real,data/videos_real_pilot/int_500ms/real_500_00016.avi,500,0,0,-2.3139,-12.0475,-11.4225,-13.1074,-12.6093,8,b,NO,NO.
order_rev,data/videos_real_pilot/int_500ms/real_500_00016.avi,500,0,0,-1.8822,-11.6757,-11.4881,-12.7037,-12.3308,8,b,NO,NO.
moved_real,data/videos_real_pilot/int_500ms/real_500_00016.avi,500,1,0,-0.3514,-11.3178,-11.3176,-12.72,-12.0042,8,b,NO,NO.
moved_twin,data/twin_real_pilot/real_500_00016.avi,500,0,0,-1.2129,-11.5509,-11.6757,-13.0165,-12.3624,8,b,NO,NO.
order_twin,data/twin_real_pilot/real_500_00016.avi,500,-1,0,-3.1892,-12.118,-11.8054,-13.4288,-12.9924,8,b,NO,NO.
order_real,data/videos_real_pilot/int_500ms/real_500_00016_flip.avi,500,1,0,-2.2961,-12.0107,-11.3857,-13.0395,-12.5724,8,b,NO,NO.
order_real,data/videos_real_pilot/int_500ms/real_500_00028.avi,500,1,0,-2.4774,-12.0963,-11.4713,-13.1565,-12.7206,8,b,NO,NO.
order_rev,data/videos_real_pilot/int_500ms/real_500_00028.avi,500,1,0,-2.1025,-11.7565,-11.5689,-12.8166,-12.4431,8,b,NO,NO.
moved_real,data/videos_real_pilot/int_500ms/real_500_00028.avi,500,1,0,-1.2263,-11.5419,-11.4792,-12.7263,-12.0411,8,b,NO,NO.
moved_twin,data/twin_real_pilot/real_500_00028.avi,500,0,0,-2.1528,-11.8638,-11.9261,-13.1428,-12.4881,8,b,NO,NO.
order_twin,data/twin_real_pilot/real_500_00028.avi,500,-1,0,-3.2216,-12.2629,-11.8254,-13.5112,-13.0748,8,b,NO,NO.
order_real,data/videos_real_pilot/int_500ms/real_500_00028_flip.avi,500,0,0,-2.7275,-12.2038,-11.5788,-13.2955,-12.8282,8,b,NO,NO.
order_real,data/videos_real_pilot/int_500ms/real_500_00040.avi,500,0,0,-2.6118,-11.2627,-11.0751,-12.1989,-11.9498,8,a,NO,NO.
order_rev,data/videos_real_pilot/int_500ms/real_500_00040.avi,500,0,0,-1.0123,-11.5144,-11.2644,-12.3873,-12.0139,8,a,NO,NO.
moved_real,data/videos_real_pilot/int_500ms/real_500_00040.avi,500,1,0,-2.1937,-11.8961,-11.8335,-12.8632,-12.4581,8,a,NO,NO.
moved_twin,data/twin_real_pilot/real_500_00040.avi,500,0,0,-2.278,-11.9146,-11.9144,-12.8816,-12.4766,8,a,NO,NO.
order_twin,data/twin_real_pilot/real_500_00040.avi,500,-1,0,-2.4499,-11.3101,-11.185,-12.2463,-11.9972,8,a,NO,NO.
order_real,data/videos_real_pilot/int_500ms/real_500_00040_flip.avi,500,1,0,-2.5886,-11.4517,-11.1391,-12.3253,-12.0138,8,a,NO,NO.
order_real,data/videos_real_pilot/int_500ms/real_500_00052.avi,500,0,0,-0.8224,-11.4333,-10.9957,-12.4289,-11.8383,8,a,NO,NO.
order_rev,data/videos_real_pilot/int_500ms/real_500_00052.avi,500,0,0,-1.0267,-11.4993,-11.2492,-12.5576,-12.0293,8,a,NO,NO.
moved_real,data/videos_real_pilot/int_500ms/real_500_00052.avi,500,1,1,0.7084,-11.318,-11.5052,-12.6578,-12.0044,8,a,YES,YES.
moved_twin,data/twin_real_pilot/real_500_00052.avi,500,0,1,0.95,-11.4695,-11.7193,-12.8095,-12.2183,8,a,YES,YES.
order_twin,data/twin_real_pilot/real_500_00052.avi,500,-1,0,-0.7272,-11.3503,-10.9752,-12.315,-11.8178,8,a,NO,NO.
order_real,data/videos_real_pilot/int_500ms/real_500_00052_flip.avi,500,1,0,-0.7959,-11.3839,-10.9775,-12.3799,-11.789,8,a,NO,NO.
order_real,data/videos_real_pilot/int_1000ms/real_1000_00005.avi,1000,1,0,-1.1281,-11.6318,-10.9445,-12.5971,-12.1934,8,b,NO,NO.
order_rev,data/videos_real_pilot/int_1000ms/real_1000_00005.avi,1000,1,0,-1.8222,-11.3432,-11.2805,-12.5584,-12.0608,8,b,NO,NO.
moved_real,data/videos_real_pilot/int_1000ms/real_1000_00005.avi,1000,1,1,0.5835,-11.423,-11.5479,-12.6696,-12.2032,8,b,YES,YES.
moved_twin,data/twin_real_pilot/real_1000_00005.avi,1000,0,0,-0.5654,-11.5963,-11.6587,-12.6558,-12.0954,8,b,NO,NO.
order_twin,data/twin_real_pilot/real_1000_00005.avi,1000,-1,0,-1.3784,-11.5758,-11.2008,-12.6668,-12.2312,8,b,NO,NO.
order_real,data/videos_real_pilot/int_1000ms/real_1000_00005_flip.avi,1000,0,0,-1.1282,-11.5695,-10.9446,-12.5972,-12.1935,8,b,NO,NO.
order_real,data/videos_real_pilot/int_1000ms/real_1000_00017.avi,1000,0,0,-1.632,-11.7128,-11.0877,-12.6784,-12.2118,8,b,NO,NO.
order_rev,data/videos_real_pilot/int_1000ms/real_1000_00017.avi,1000,0,0,-1.2572,-11.5973,-11.4721,-12.625,-12.2523,8,b,NO,NO.
moved_real,data/videos_real_pilot/int_1000ms/real_1000_00017.avi,1000,1,0,-0.9471,-11.5203,-11.5201,-12.7981,-11.957,8,b,NO,NO.
moved_twin,data/twin_real_pilot/real_1000_00017.avi,1000,0,0,-1.0086,-11.5025,-11.6272,-12.8114,-12.0639,8,b,NO,NO.
order_twin,data/twin_real_pilot/real_1000_00017.avi,1000,-1,0,-1.7771,-11.7862,-11.2861,-12.7829,-12.2851,8,b,NO,NO.
order_real,data/videos_real_pilot/int_1000ms/real_1000_00017_flip.avi,1000,1,0,-1.4309,-11.811,-11.0611,-12.745,-12.2787,8,b,NO,NO.
order_real,data/videos_real_pilot/int_1000ms/real_1000_00029.avi,1000,1,0,-0.3377,-11.3932,-10.6432,-12.4832,-11.8298,8,a,NO,NO.
order_rev,data/videos_real_pilot/int_1000ms/real_1000_00029.avi,1000,1,0,-1.3519,-11.6846,-11.2471,-12.5879,-12.1525,8,a,NO,NO.
moved_real,data/videos_real_pilot/int_1000ms/real_1000_00029.avi,1000,1,1,0.4481,-11.3753,-11.3751,-12.653,-11.9057,8,a,YES,YES.
moved_twin,data/twin_real_pilot/real_1000_00029.avi,1000,0,0,-1.2797,-11.3655,-11.4901,-12.6126,-11.9271,8,a,NO,NO.
order_twin,data/twin_real_pilot/real_1000_00029.avi,1000,-1,0,-0.671,-11.3923,-10.7047,-12.4516,-11.8914,8,a,NO,NO.
order_real,data/videos_real_pilot/int_1000ms/real_1000_00029_flip.avi,1000,0,0,-0.376,-11.4398,-10.6898,-12.4673,-11.8452,8,a,NO,NO.
order_real,data/videos_real_pilot/int_1000ms/real_1000_00041.avi,1000,1,0,-2.0036,-12.1633,-11.5383,-13.2546,-12.7876,8,b,NO,NO.
order_rev,data/videos_real_pilot/int_1000ms/real_1000_00041.avi,1000,1,0,-2.2282,-11.8563,-11.7312,-13.072,-12.6053,8,b,NO,NO.
moved_real,data/videos_real_pilot/int_1000ms/real_1000_00041.avi,1000,1,0,-0.3062,-11.3988,-11.3361,-12.7699,-11.9916,8,b,NO,NO.
moved_twin,data/twin_real_pilot/real_1000_00041.avi,1000,0,0,-1.6997,-11.6439,-11.7061,-13.0782,-12.3305,8,b,NO,NO.
order_twin,data/twin_real_pilot/real_1000_00041.avi,1000,-1,0,-2.2828,-12.0091,-11.509,-13.2255,-12.7583,8,b,NO,NO.
order_real,data/videos_real_pilot/int_1000ms/real_1000_00041_flip.avi,1000,0,0,-2.1286,-12.1491,-11.5866,-13.3029,-12.8984,8,b,NO,NO.
order_real,data/videos_real_pilot/int_1000ms/real_1000_00053.avi,1000,0,0,-0.5637,-11.5303,-10.7178,-12.5574,-12.0604,8,a,NO,NO.
order_rev,data/videos_real_pilot/int_1000ms/real_1000_00053.avi,1000,0,0,-0.2267,-11.4778,-11.2278,-12.537,-12.1642,8,a,NO,NO.
moved_real,data/videos_real_pilot/int_1000ms/real_1000_00053.avi,1000,1,0,-0.1374,-11.4566,-11.5812,-12.8273,-12.018,8,a,NO,NO.
moved_twin,data/twin_real_pilot/real_1000_00053.avi,1000,0,0,-1.9029,-11.6434,-11.9556,-13.0469,-12.3301,8,a,NO,NO.
order_twin,data/twin_real_pilot/real_1000_00053.avi,1000,-1,0,-1.0807,-11.5999,-10.9749,-12.7838,-12.2239,8,a,NO,NO.
order_real,data/videos_real_pilot/int_1000ms/real_1000_00053_flip.avi,1000,1,0,-0.7128,-11.5026,-10.8151,-12.6234,-12.1264,8,a,NO,NO.
order_real,data/videos_real_pilot/int_1500ms/real_1500_00006.avi,1500,0,0,-0.6281,-11.8404,-10.8406,-12.6189,-12.1523,8,b,NO,NO.
order_rev,data/videos_real_pilot/int_1500ms/real_1500_00006.avi,1500,0,0,-1.6887,-12.0603,-11.8726,-12.9324,-12.497,8,b,NO,NO.
moved_real,data/videos_real_pilot/int_1500ms/real_1500_00006.avi,1500,1,0,-1.3973,-12.0899,-11.7149,-13.0565,-12.4645,8,b,NO,NO.
moved_twin,data/twin_real_pilot/real_1500_00006.avi,1500,0,0,-2.7514,-12.3509,-12.3507,-13.3492,-12.9129,8,b,NO,NO.
order_twin,data/twin_real_pilot/real_1500_00006.avi,1500,-1,0,-0.8657,-11.6586,-10.9086,-12.5,-12.033,8,b,NO,NO.
order_real,data/videos_real_pilot/int_1500ms/real_1500_00006_flip.avi,1500,1,0,-0.5032,-11.7609,-10.7611,-12.5396,-12.0728,8,b,NO,NO.
order_real,data/videos_real_pilot/int_1500ms/real_1500_00018.avi,1500,1,0,-1.8609,-12.0391,-11.3517,-13.1928,-12.7258,8,b,NO,NO.
order_rev,data/videos_real_pilot/int_1500ms/real_1500_00018.avi,1500,1,0,-2.0639,-11.7607,-11.6356,-12.7896,-12.3849,8,b,NO,NO.
moved_real,data/videos_real_pilot/int_1500ms/real_1500_00018.avi,1500,1,0,-0.4026,-11.5173,-11.4546,-12.8883,-12.0165,8,b,NO,NO.
moved_twin,data/twin_real_pilot/real_1500_00018.avi,1500,0,0,-1.6144,-11.8107,-11.873,-13.1204,-12.435,8,b,NO,NO.
order_twin,data/twin_real_pilot/real_1500_00018.avi,1500,-1,0,-2.2496,-12.1662,-11.6037,-13.3514,-12.9154,8,b,NO,NO.
order_real,data/videos_real_pilot/int_1500ms/real_1500_00018_flip.avi,1500,0,0,-1.7359,-11.9946,-11.3696,-13.0856,-12.6812,8,b,NO,NO.
order_real,data/videos_real_pilot/int_1500ms/real_1500_00030.avi,1500,0,0,-2.2574,-11.758,-11.3204,-12.974,-12.5071,8,b,NO,NO.
order_rev,data/videos_real_pilot/int_1500ms/real_1500_00030.avi,1500,0,0,-2.4715,-11.9307,-11.8681,-13.0226,-12.6799,8,b,NO,NO.
moved_real,data/videos_real_pilot/int_1500ms/real_1500_00030.avi,1500,1,0,-0.4893,-11.4208,-11.4831,-12.7612,-11.9199,8,b,NO,NO.
moved_twin,data/twin_real_pilot/real_1500_00030.avi,1500,0,0,-1.3385,-11.6736,-11.8609,-12.9517,-12.2976,8,b,NO,NO.
order_twin,data/twin_real_pilot/real_1500_00030.avi,1500,-1,0,-2.4145,-11.6513,-11.3387,-12.8365,-12.338,8,b,NO,NO.
order_real,data/videos_real_pilot/int_1500ms/real_1500_00030_flip.avi,1500,1,0,-2.3616,-11.8428,-11.4052,-13.0277,-12.5919,8,b,NO,NO.
order_real,data/videos_real_pilot/int_1500ms/real_1500_00042.avi,1500,0,0,-1.9629,-11.8593,-11.0468,-12.8256,-12.4211,8,b,NO,NO.
order_rev,data/videos_real_pilot/int_1500ms/real_1500_00042.avi,1500,0,0,-1.5458,-11.6716,-11.359,-12.6062,-12.2332,8,b,NO,NO.
moved_real,data/videos_real_pilot/int_1500ms/real_1500_00042.avi,1500,1,0,-0.726,-11.305,-11.1799,-12.5206,-11.8043,8,b,NO,NO.
moved_twin,data/twin_real_pilot/real_1500_00042.avi,1500,0,0,-0.8383,-11.3639,-11.4262,-12.6732,-11.9256,8,b,NO,NO.
order_twin,data/twin_real_pilot/real_1500_00042.avi,1500,-1,0,-2.3141,-11.9227,-11.3602,-13.0454,-12.6719,8,b,NO,NO.
order_real,data/videos_real_pilot/int_1500ms/real_1500_00042_flip.avi,1500,1,0,-1.8379,-11.8131,-11.1256,-12.8729,-12.4373,8,b,NO,NO.
order_real,data/videos_real_pilot/int_1500ms/real_1500_00054.avi,1500,1,0,-0.9885,-11.3235,-10.261,-12.164,-11.6664,8,a,NO,NO.
order_rev,data/videos_real_pilot/int_1500ms/real_1500_00054.avi,1500,1,0,-0.8221,-11.4946,-11.1197,-12.3044,-11.9314,8,a,NO,NO.
moved_real,data/videos_real_pilot/int_1500ms/real_1500_00054.avi,1500,1,1,1.3429,-11.6752,-11.4877,-12.8598,-12.1119,8,a,YES,YES.
moved_twin,data/twin_real_pilot/real_1500_00054.avi,1500,0,0,-0.9182,-11.2522,-11.252,-12.3119,-11.6888,8,a,NO,NO.
order_twin,data/twin_real_pilot/real_1500_00054.avi,1500,-1,0,-1.3381,-11.3009,-10.5509,-12.2046,-11.7377,8,a,NO,NO.
order_real,data/videos_real_pilot/int_1500ms/real_1500_00054_flip.avi,1500,0,0,-0.9887,-11.3231,-10.2607,-12.1638,-11.6973,8,a,NO,NO.
order_real,data/videos_real_pilot/int_2000ms/real_2000_00007.avi,2000,0,0,-1.1639,-11.464,-10.7765,-12.4912,-11.8381,8,a,NO,NO.
order_rev,data/videos_real_pilot/int_2000ms/real_2000_00007.avi,2000,0,0,-0.4772,-11.6871,-11.4371,-12.6834,-12.2797,8,a,NO,NO.
moved_real,data/videos_real_pilot/int_2000ms/real_2000_00007.avi,2000,1,0,-0.5362,-11.5644,-11.7514,-12.9041,-12.1568,8,a,NO,NO.
moved_twin,data/twin_real_pilot/real_2000_00007.avi,2000,0,0,-2.1436,-11.6445,-11.9566,-13.0479,-12.3935,8,a,NO,NO.
order_twin,data/twin_real_pilot/real_2000_00007.avi,2000,-1,0,-1.8384,-11.4643,-10.9642,-12.4927,-11.9011,8,a,NO,NO.
order_real,data/videos_real_pilot/int_2000ms/real_2000_00007_flip.avi,2000,1,0,-1.0387,-11.433,-10.808,-12.4287,-11.8071,8,a,NO,NO.
order_real,data/videos_real_pilot/int_2000ms/real_2000_00019.avi,2000,0,0,0.0464,-11.4256,-11.1131,-12.422,-11.9558,8,a,NO,NO.
order_rev,data/videos_real_pilot/int_2000ms/real_2000_00019.avi,2000,0,0,-0.8976,-11.4631,-11.0881,-12.2729,-11.8061,8,a,NO,NO.
moved_real,data/videos_real_pilot/int_2000ms/real_2000_00019.avi,2000,1,0,-0.4191,-11.3681,-11.5552,-12.3956,-11.8668,8,a,NO,NO.
moved_twin,data/twin_real_pilot/real_2000_00019.avi,2000,0,0,-0.0361,-11.2806,-11.5927,-12.3396,-11.9353,8,a,NO,NO.
order_twin,data/twin_real_pilot/real_2000_00019.avi,2000,-1,0,0.1888,-11.3933,-11.1433,-12.3899,-11.9235,8,a,NO,NO.
order_real,data/videos_real_pilot/int_2000ms/real_2000_00019_flip.avi,2000,1,0,-0.0962,-11.4351,-11.1225,-12.4938,-11.9964,8,a,NO,NO.
order_real,data/videos_real_pilot/int_2000ms/real_2000_00031.avi,2000,0,0,0.079,-11.5874,-11.0249,-12.6146,-12.0863,8,a,NO,NO.
order_rev,data/videos_real_pilot/int_2000ms/real_2000_00031.avi,2000,0,0,-1.1887,-11.7199,-11.4073,-12.7167,-12.4376,8,a,NO,NO.
moved_real,data/videos_real_pilot/int_2000ms/real_2000_00031.avi,2000,1,0,-1.0087,-11.4402,-11.6273,-12.6863,-12.0953,8,a,NO,NO.
moved_twin,data/twin_real_pilot/real_2000_00031.avi,2000,0,0,-2.5089,-11.8935,-12.2681,-13.11,-12.6427,8,a,NO,NO.
order_twin,data/twin_real_pilot/real_2000_00031.avi,2000,-1,0,-0.652,-11.4879,-10.9879,-12.5152,-12.0181,8,a,NO,NO.
order_real,data/videos_real_pilot/int_2000ms/real_2000_00031_flip.avi,2000,1,0,0.1861,-11.62,-10.995,-12.7098,-12.1502,8,a,NO,NO.
order_real,data/videos_real_pilot/int_2000ms/real_2000_00043.avi,2000,1,0,-1.6477,-11.6714,-10.6714,-12.5127,-12.0457,8,b,NO,NO.
order_rev,data/videos_real_pilot/int_2000ms/real_2000_00043.avi,2000,1,0,-1.6263,-11.5332,-11.408,-12.3746,-12.0325,8,b,NO,NO.
moved_real,data/videos_real_pilot/int_2000ms/real_2000_00043.avi,2000,1,1,1.3106,-11.7764,-11.7764,-13.0237,-12.2757,8,b,YES,YES.
moved_twin,data/twin_real_pilot/real_2000_00043.avi,2000,0,1,0.3162,-11.2784,-11.2157,-12.2445,-11.6839,8,b,YES,YES.
order_twin,data/twin_real_pilot/real_2000_00043.avi,2000,-1,0,-1.9076,-11.6142,-10.8017,-12.3312,-11.9887,8,b,NO,NO.
order_real,data/videos_real_pilot/int_2000ms/real_2000_00043_flip.avi,2000,0,0,-1.5324,-11.6091,-10.6716,-12.3881,-11.9835,8,b,NO,NO.
order_real,data/videos_real_pilot/int_2000ms/real_2000_00055.avi,2000,1,0,-2.1435,-11.5829,-11.0204,-12.2064,-12.0199,8,b,NO,NO.
order_rev,data/videos_real_pilot/int_2000ms/real_2000_00055.avi,2000,1,0,-1.5561,-11.2891,-10.914,-12.0059,-11.6635,8,b,NO,NO.
moved_real,data/videos_real_pilot/int_2000ms/real_2000_00055.avi,2000,1,0,-1.8128,-11.7809,-11.6559,-12.6855,-12.2805,8,b,NO,NO.
moved_twin,data/twin_real_pilot/real_2000_00055.avi,2000,0,0,-1.682,-11.7047,-11.7046,-12.6717,-12.2667,8,b,NO,NO.
order_twin,data/twin_real_pilot/real_2000_00055.avi,2000,-1,0,-2.0885,-11.4338,-10.9963,-12.1821,-11.9333,8,b,NO,NO.
order_real,data/videos_real_pilot/int_2000ms/real_2000_00055_flip.avi,2000,0,0,-1.7266,-11.5735,-10.9486,-12.228,-11.948,8,b,NO,NO.
order_real,data/videos_real_pilot/int_3000ms/real_3000_00008.avi,3000,1,0,-0.7959,-11.414,-11.0389,-12.4416,-11.8504,8,a,NO,NO.
order_rev,data/videos_real_pilot/int_3000ms/real_3000_00008.avi,3000,1,0,-0.8286,-11.6952,-11.3828,-12.5987,-12.1632,8,a,NO,NO.
moved_real,data/videos_real_pilot/int_3000ms/real_3000_00008.avi,3000,1,0,-0.7952,-11.3672,-11.492,-12.6764,-11.8664,8,a,NO,NO.
moved_twin,data/twin_real_pilot/real_3000_00008.avi,3000,0,0,-0.8596,-11.3477,-11.4725,-12.5322,-11.7844,8,a,NO,NO.
order_twin,data/twin_real_pilot/real_3000_00008.avi,3000,-1,0,-0.796,-11.3517,-10.9765,-12.4105,-11.8193,8,a,NO,NO.
order_real,data/videos_real_pilot/int_3000ms/real_3000_00008_flip.avi,3000,0,0,-0.6976,-11.4721,-11.097,-12.4685,-11.8774,8,a,NO,NO.
order_real,data/videos_real_pilot/int_3000ms/real_3000_00020.avi,3000,1,0,-1.7573,-11.6312,-11.006,-12.6905,-12.1927,8,a,NO,NO.
order_rev,data/videos_real_pilot/int_3000ms/real_3000_00020.avi,3000,1,0,-0.4773,-11.6242,-11.3741,-12.5902,-12.1234,8,a,NO,NO.
moved_real,data/videos_real_pilot/int_3000ms/real_3000_00020.avi,3000,1,0,-1.0562,-11.3959,-11.3956,-12.5803,-11.895,8,a,NO,NO.
moved_twin,data/twin_real_pilot/real_3000_00020.avi,3000,0,0,-0.7393,-11.3337,-11.4584,-12.6427,-11.8951,8,a,NO,NO.
order_twin,data/twin_real_pilot/real_3000_00020.avi,3000,-1,0,-2.0728,-11.748,-11.1854,-12.8391,-12.372,8,a,NO,NO.
order_real,data/videos_real_pilot/int_3000ms/real_3000_00020_flip.avi,3000,0,0,-1.6522,-11.6179,-10.9303,-12.7086,-12.1795,8,a,NO,NO.
order_real,data/videos_real_pilot/int_3000ms/real_3000_00032.avi,3000,1,0,-3.2574,-12.1952,-11.5701,-13.1935,-12.6947,8,b,NO,NO.
order_rev,data/videos_real_pilot/int_3000ms/real_3000_00032.avi,3000,1,0,-1.5277,-11.5144,-11.5142,-12.4797,-12.107,8,b,NO,NO.
moved_real,data/videos_real_pilot/int_3000ms/real_3000_00032.avi,3000,1,0,-1.3126,-11.556,-11.6807,-12.7096,-12.1176,8,b,NO,NO.
moved_twin,data/twin_real_pilot/real_3000_00032.avi,3000,0,0,-1.8129,-11.5934,-11.9055,-12.7784,-12.2801,8,b,NO,NO.
order_twin,data/twin_real_pilot/real_3000_00032.avi,3000,-1,0,-3.3227,-12.1013,-11.5387,-13.1621,-12.7258,8,b,NO,NO.
order_real,data/videos_real_pilot/int_3000ms/real_3000_00032_flip.avi,3000,0,0,-3.0879,-12.1464,-11.4589,-13.2069,-12.7084,8,b,NO,NO.
order_real,data/videos_real_pilot/int_3000ms/real_3000_00044.avi,3000,0,0,-0.7406,-11.3241,-10.949,-12.2582,-11.8543,8,a,NO,NO.
order_rev,data/videos_real_pilot/int_3000ms/real_3000_00044.avi,3000,0,0,-0.6397,-11.3203,-10.9454,-12.2237,-11.7571,8,a,NO,NO.
moved_real,data/videos_real_pilot/int_3000ms/real_3000_00044.avi,3000,1,0,-0.6692,-11.4317,-11.5564,-12.4597,-11.9617,8,a,NO,NO.
moved_twin,data/twin_real_pilot/real_3000_00044.avi,3000,0,0,-0.5442,-11.2892,-11.4764,-12.3171,-11.8816,8,a,NO,NO.
order_twin,data/twin_real_pilot/real_3000_00044.avi,3000,-1,0,-0.6861,-11.3223,-10.9473,-12.1942,-11.8525,8,a,NO,NO.
order_real,data/videos_real_pilot/int_3000ms/real_3000_00044_flip.avi,3000,1,0,-0.727,-11.2881,-10.8506,-12.2222,-11.8183,8,a,NO,NO.
order_real,data/videos_real_pilot/int_3000ms/real_3000_00056.avi,3000,1,0,-0.5637,-11.7174,-10.905,-12.6202,-12.0917,8,b,NO,NO.
order_rev,data/videos_real_pilot/int_3000ms/real_3000_00056.avi,3000,1,0,-1.921,-11.8643,-11.6767,-12.8927,-12.5196,8,b,NO,NO.
moved_real,data/videos_real_pilot/int_3000ms/real_3000_00056.avi,3000,1,0,-1.1436,-11.6852,-11.685,-12.8389,-12.247,8,b,NO,NO.
moved_twin,data/twin_real_pilot/real_3000_00056.avi,3000,0,0,-1.1145,-11.6629,-11.7877,-12.8792,-12.3496,8,b,NO,NO.
order_twin,data/twin_real_pilot/real_3000_00056.avi,3000,-1,0,-1.2129,-11.8006,-11.1756,-12.829,-12.3623,8,b,NO,NO.
order_real,data/videos_real_pilot/int_3000ms/real_3000_00056_flip.avi,3000,0,0,-0.9209,-11.7512,-10.9387,-12.6541,-12.1566,8,b,NO,NO.
order_real,data/videos_real_pilot/int_5000ms/real_5000_00009.avi,5000,1,0,-1.4907,-11.6985,-11.1984,-12.7579,-12.2913,8,b,NO,NO.
order_rev,data/videos_real_pilot/int_5000ms/real_5000_00009.avi,5000,1,0,-1.0634,-11.3143,-11.1267,-12.4671,-11.9696,8,b,NO,NO.
moved_real,data/videos_real_pilot/int_5000ms/real_5000_00009.avi,5000,1,0,-1.2013,-11.7818,-11.5318,-12.8733,-12.3436,8,b,NO,NO.
moved_twin,data/twin_real_pilot/real_5000_00009.avi,5000,0,0,-0.9393,-11.5579,-11.4952,-12.93,-12.3694,8,b,NO,NO.
order_twin,data/twin_real_pilot/real_5000_00009.avi,5000,-1,0,-2.0036,-11.914,-11.4765,-13.0363,-12.5381,8,b,NO,NO.
order_real,data/videos_real_pilot/int_5000ms/real_5000_00009_flip.avi,5000,0,0,-1.773,-11.8392,-11.3391,-12.8675,-12.4008,8,b,NO,NO.
order_real,data/videos_real_pilot/int_5000ms/real_5000_00021.avi,5000,1,0,-1.6139,-11.8117,-11.1867,-12.6523,-12.1859,8,b,NO,NO.
order_rev,data/videos_real_pilot/int_5000ms/real_5000_00021.avi,5000,1,0,-1.7715,-11.6955,-11.3204,-12.5989,-12.0697,8,b,NO,NO.
moved_real,data/videos_real_pilot/int_5000ms/real_5000_00021.avi,5000,1,1,0.1817,-11.704,-11.7038,-12.8254,-12.0158,8,b,YES,YES.
moved_twin,data/twin_real_pilot/real_5000_00021.avi,5000,0,0,-2.4703,-12.272,-12.5217,-13.4885,-12.8339,8,b,NO,NO.
order_twin,data/twin_real_pilot/real_5000_00021.avi,5000,-1,0,-2.4629,-11.9344,-11.6218,-12.9324,-12.4338,8,b,NO,NO.
order_real,data/videos_real_pilot/int_5000ms/real_5000_00021_flip.avi,5000,0,0,-2.6263,-12.1722,-11.7346,-13.1698,-12.6715,8,b,NO,NO.
order_real,data/videos_real_pilot/int_5000ms/real_5000_00033.avi,5000,1,0,-2.6521,-11.8226,-11.4474,-12.9762,-12.4468,8,b,NO,NO.
order_rev,data/videos_real_pilot/int_5000ms/real_5000_00033.avi,5000,1,0,-2.6547,-11.8554,-11.6053,-13.1033,-12.6047,8,b,NO,NO.
moved_real,data/videos_real_pilot/int_5000ms/real_5000_00033.avi,5000,1,0,-0.2621,-11.7124,-11.8371,-12.9586,-12.2114,8,b,NO,NO.
moved_twin,data/twin_real_pilot/real_5000_00033.avi,5000,0,0,-0.5125,-11.6736,-11.9232,-12.9202,-12.3287,8,b,NO,NO.
order_twin,data/twin_real_pilot/real_5000_00033.avi,5000,-1,0,-3.0016,-11.9008,-11.7132,-13.18,-12.7126,8,b,NO,NO.
order_real,data/videos_real_pilot/int_5000ms/real_5000_00033_flip.avi,5000,0,0,-2.7128,-11.917,-11.4794,-13.0082,-12.5411,8,b,NO,NO.
order_real,data/videos_real_pilot/int_5000ms/real_5000_00045.avi,5000,1,0,-0.5742,-11.2376,-10.9249,-12.3899,-11.7055,8,a,NO,NO.
order_rev,data/videos_real_pilot/int_5000ms/real_5000_00045.avi,5000,1,0,-1.5744,-11.6644,-11.2894,-12.5679,-12.0388,8,a,NO,NO.
moved_real,data/videos_real_pilot/int_5000ms/real_5000_00045.avi,5000,1,0,-0.1752,-11.4887,-11.7383,-12.7656,-12.019,8,a,NO,NO.
moved_twin,data/twin_real_pilot/real_5000_00045.avi,5000,0,0,-2.551,-11.8276,-12.3274,-13.3255,-12.7644,8,a,NO,NO.
order_twin,data/twin_real_pilot/real_5000_00045.avi,5000,-1,0,-1.2267,-11.2303,-11.0426,-12.5082,-11.9168,8,a,NO,NO.
order_real,data/videos_real_pilot/int_5000ms/real_5000_00045_flip.avi,5000,0,0,-0.861,-11.2954,-10.9202,-12.5413,-11.857,8,a,NO,NO.
order_real,data/videos_real_pilot/int_5000ms/real_5000_00057.avi,5000,0,0,-2.7515,-12.2261,-11.726,-13.2865,-12.9753,8,b,NO,NO.
order_rev,data/videos_real_pilot/int_5000ms/real_5000_00057.avi,5000,0,0,-1.7961,-11.6941,-11.6313,-12.8782,-12.4428,8,b,NO,NO.
moved_real,data/videos_real_pilot/int_5000ms/real_5000_00057.avi,5000,1,0,-0.518,-11.5022,-11.377,-12.6547,-11.9387,8,b,NO,NO.
moved_twin,data/twin_real_pilot/real_5000_00057.avi,5000,0,0,-0.8835,-11.4128,-11.4751,-12.6594,-12.0368,8,b,NO,NO.
order_twin,data/twin_real_pilot/real_5000_00057.avi,5000,-1,0,-2.9912,-12.2923,-11.9172,-13.5404,-13.1665,8,b,NO,NO.
order_real,data/videos_real_pilot/int_5000ms/real_5000_00057_flip.avi,5000,1,0,-2.8226,-12.1237,-11.6236,-13.2151,-12.8104,8,b,NO,NO.
order_real,data/videos_real_pilot/int_7000ms/real_7000_00010.avi,7000,0,0,-1.5746,-11.1666,-10.9164,-12.4136,-11.822,8,a,NO,NO.
order_rev,data/videos_real_pilot/int_7000ms/real_7000_00010.avi,7000,0,0,-2.6712,-11.9812,-11.7311,-13.2296,-12.7931,8,a,NO,NO.
moved_real,data/videos_real_pilot/int_7000ms/real_7000_00010.avi,7000,1,0,-0.1611,-11.5948,-11.6571,-12.7159,-11.9689,8,a,NO,NO.
moved_twin,data/twin_real_pilot/real_7000_00010.avi,7000,0,0,-0.8763,-11.4525,-11.6397,-12.6056,-11.9828,8,a,NO,NO.
order_twin,data/twin_real_pilot/real_7000_00010.avi,7000,-1,0,-2.2271,-11.3872,-11.262,-12.6975,-12.1677,8,a,NO,NO.
order_real,data/videos_real_pilot/int_7000ms/real_7000_00010_flip.avi,7000,1,0,-0.9473,-11.2716,-10.9589,-12.4869,-11.9269,8,a,NO,NO.
order_real,data/videos_real_pilot/int_7000ms/real_7000_00022.avi,7000,0,0,-1.8062,-11.7489,-11.1239,-12.6211,-12.1231,8,b,NO,NO.
order_rev,data/videos_real_pilot/int_7000ms/real_7000_00022.avi,7000,0,0,-2.7282,-11.8174,-11.6922,-12.9087,-12.4415,8,b,NO,NO.
moved_real,data/videos_real_pilot/int_7000ms/real_7000_00022.avi,7000,1,0,-0.5875,-11.7326,-11.4825,-13.0104,-12.2318,8,b,NO,NO.
moved_twin,data/twin_real_pilot/real_7000_00022.avi,7000,0,0,-1.6142,-11.873,-11.8729,-13.1515,-12.4348,8,b,NO,NO.
order_twin,data/twin_real_pilot/real_7000_00022.avi,7000,-1,0,-2.0126,-11.8918,-11.5167,-12.8581,-12.3909,8,b,NO,NO.
order_real,data/videos_real_pilot/int_7000ms/real_7000_00022_flip.avi,7000,1,0,-1.5722,-11.8185,-11.1311,-12.6593,-12.1302,8,b,NO,NO.
order_real,data/videos_real_pilot/int_7000ms/real_7000_00034.avi,7000,0,0,-1.3744,-11.9173,-11.0424,-12.8839,-12.4168,8,b,NO,NO.
order_rev,data/videos_real_pilot/int_7000ms/real_7000_00034.avi,7000,0,0,-2.5613,-11.8614,-11.9237,-12.9847,-12.7357,8,b,NO,NO.
moved_real,data/videos_real_pilot/int_7000ms/real_7000_00034.avi,7000,1,0,-0.5724,-11.39,-11.3274,-12.7622,-12.0768,8,b,NO,NO.
moved_twin,data/twin_real_pilot/real_7000_00034.avi,7000,0,0,-0.4894,-11.5451,-11.6699,-12.8239,-12.2319,8,b,NO,NO.
order_twin,data/twin_real_pilot/real_7000_00034.avi,7000,-1,0,-1.0152,-12.0161,-11.2661,-13.1076,-12.5781,8,b,NO,NO.
order_real,data/videos_real_pilot/int_7000ms/real_7000_00034_flip.avi,7000,1,0,-0.9993,-11.9425,-11.0676,-12.9404,-12.442,8,b,NO,NO.
order_real,data/videos_real_pilot/int_7000ms/real_7000_00046.avi,7000,0,0,-1.5391,-11.5114,-10.7614,-12.4768,-12.0104,8,a,NO,NO.
order_rev,data/videos_real_pilot/int_7000ms/real_7000_00046.avi,7000,0,0,-0.7211,-11.7463,-11.4338,-12.8058,-12.308,8,a,NO,NO.
moved_real,data/videos_real_pilot/int_7000ms/real_7000_00046.avi,7000,1,0,-0.9764,-11.4792,-11.479,-12.6634,-11.9158,8,a,NO,NO.
moved_twin,data/twin_real_pilot/real_7000_00046.avi,7000,0,0,-2.2866,-11.9491,-12.0114,-13.1034,-12.4485,8,a,NO,NO.
order_twin,data/twin_real_pilot/real_7000_00046.avi,7000,-1,0,-2.046,-11.7248,-11.0998,-12.6593,-12.2239,8,a,NO,NO.
order_real,data/videos_real_pilot/int_7000ms/real_7000_00046_flip.avi,7000,1,0,-1.5071,-11.6097,-10.9846,-12.6995,-12.2335,8,a,NO,NO.
order_real,data/videos_real_pilot/int_7000ms/real_7000_00058.avi,7000,1,0,-0.4892,-11.2354,-10.7978,-12.2936,-11.7341,8,a,NO,NO.
order_rev,data/videos_real_pilot/int_7000ms/real_7000_00058.avi,7000,1,0,-0.5873,-11.3589,-11.0464,-12.4486,-11.9204,8,a,NO,NO.
moved_real,data/videos_real_pilot/int_7000ms/real_7000_00058.avi,7000,1,1,0.3306,-11.328,-11.4527,-12.6052,-11.9829,8,a,YES,YES.
moved_twin,data/twin_real_pilot/real_7000_00058.avi,7000,0,0,-1.3934,-11.3198,-11.5695,-12.4109,-11.975,8,a,NO,NO.
order_twin,data/twin_real_pilot/real_7000_00058.avi,7000,-1,0,-1.402,-11.289,-11.1013,-12.348,-11.8192,8,a,NO,NO.
order_real,data/videos_real_pilot/int_7000ms/real_7000_00058_flip.avi,7000,0,0,-0.5456,-11.437,-10.9369,-12.4013,-11.8733,8,a,NO,NO.
order_real,data/videos_real_pilot/int_10000ms/real_10000_00011.avi,10000,1,0,-2.2275,-11.8683,-11.4307,-12.9593,-12.5549,8,b,NO,NO.
order_rev,data/videos_real_pilot/int_10000ms/real_10000_00011.avi,10000,1,0,-1.3963,-11.386,-11.1983,-12.4443,-11.9784,8,b,NO,NO.
moved_real,data/videos_real_pilot/int_10000ms/real_10000_00011.avi,10000,1,0,-0.0866,-11.617,-11.7417,-13.1448,-12.5845,8,b,NO,NO.
moved_twin,data/twin_real_pilot/real_10000_00011.avi,10000,0,0,-2.1959,-12.0081,-12.1954,-13.5998,-13.1947,8,b,NO,NO.
order_twin,data/twin_real_pilot/real_10000_00011.avi,10000,-1,0,-2.9081,-12.0273,-11.8397,-13.2443,-12.9016,8,b,NO,NO.
order_real,data/videos_real_pilot/int_10000ms/real_10000_00011_flip.avi,10000,0,0,-2.4631,-11.7466,-11.4964,-12.9941,-12.6207,8,b,NO,NO.
order_real,data/videos_real_pilot/int_10000ms/real_10000_00023.avi,10000,1,0,-1.1465,-11.3789,-10.8787,-12.5307,-11.9712,8,a,NO,NO.
order_rev,data/videos_real_pilot/int_10000ms/real_10000_00023.avi,10000,1,0,-1.4556,-11.7044,-11.6418,-12.7644,-12.4222,8,a,NO,NO.
moved_real,data/videos_real_pilot/int_10000ms/real_10000_00023.avi,10000,1,0,-1.7683,-11.6916,-11.8788,-12.9695,-12.222,8,a,NO,NO.
moved_twin,data/twin_real_pilot/real_10000_00023.avi,10000,0,0,-1.9769,-11.601,-11.9756,-13.0045,-12.2876,8,a,NO,NO.
order_twin,data/twin_real_pilot/real_10000_00023.avi,10000,-1,0,-1.5794,-11.4722,-11.0346,-12.6561,-12.0961,8,a,NO,NO.
order_real,data/videos_real_pilot/int_10000ms/real_10000_00023_flip.avi,10000,0,0,-1.757,-11.5065,-11.0064,-12.6284,-12.1305,8,a,NO,NO.
order_real,data/videos_real_pilot/int_10000ms/real_10000_00035.avi,10000,1,0,-1.3377,-11.7739,-11.149,-12.7083,-12.2106,8,b,NO,NO.
order_rev,data/videos_real_pilot/int_10000ms/real_10000_00035.avi,10000,1,0,-1.9477,-11.513,-11.5129,-12.6667,-12.262,8,b,NO,NO.
moved_real,data/videos_real_pilot/int_10000ms/real_10000_00035.avi,10000,1,0,-0.6995,-11.1933,-11.5054,-12.7209,-12.0671,8,b,NO,NO.
moved_twin,data/twin_real_pilot/real_10000_00035.avi,10000,0,0,-1.3521,-11.1626,-11.6622,-12.6913,-12.0991,8,b,NO,NO.
order_twin,data/twin_real_pilot/real_10000_00035.avi,10000,-1,0,-1.7514,-11.763,-11.3255,-12.7608,-12.3248,8,b,NO,NO.
order_real,data/videos_real_pilot/int_10000ms/real_10000_00035_flip.avi,10000,0,0,-1.8762,-11.933,-11.433,-12.8675,-12.4321,8,b,NO,NO.
order_real,data/videos_real_pilot/int_10000ms/real_10000_00047.avi,10000,1,0,-2.7517,-11.9764,-11.5388,-13.2246,-12.7882,8,b,NO,NO.
order_rev,data/videos_real_pilot/int_10000ms/real_10000_00047.avi,10000,1,0,-2.1325,-11.3961,-11.6458,-12.7988,-12.3636,8,b,NO,NO.
moved_real,data/videos_real_pilot/int_10000ms/real_10000_00047.avi,10000,1,0,-0.182,-11.2041,-11.4536,-12.6682,-11.9215,8,b,NO,NO.
moved_twin,data/twin_real_pilot/real_10000_00047.avi,10000,0,0,-0.3518,-11.1305,-11.505,-12.5951,-11.9417,8,b,NO,NO.
order_twin,data/twin_real_pilot/real_10000_00047.avi,10000,-1,0,-2.7965,-11.8488,-11.5987,-13.1597,-12.7856,8,b,NO,NO.
order_real,data/videos_real_pilot/int_10000ms/real_10000_00047_flip.avi,10000,0,0,-2.3381,-11.882,-11.257,-12.9738,-12.5064,8,b,NO,NO.
order_real,data/videos_real_pilot/int_10000ms/real_10000_00059.avi,10000,1,0,-0.5277,-11.3454,-10.8453,-12.5285,-11.9691,8,a,NO,NO.
order_rev,data/videos_real_pilot/int_10000ms/real_10000_00059.avi,10000,1,1,1.3043,-11.8849,-11.8849,-13.1007,-12.5716,8,a,YES,YES.
moved_real,data/videos_real_pilot/int_10000ms/real_10000_00059.avi,10000,1,1,0.323,-11.4891,-11.6763,-12.5795,-12.0191,8,a,YES,YES.
moved_twin,data/twin_real_pilot/real_10000_00059.avi,10000,0,0,-2.1378,-11.6283,-12.0655,-12.9703,-12.3774,8,a,NO,NO.
order_twin,data/twin_real_pilot/real_10000_00059.avi,10000,-1,0,-2.7517,-11.6648,-11.6022,-13.0383,-12.4142,8,a,NO,NO.
order_real,data/videos_real_pilot/int_10000ms/real_10000_00059_flip.avi,10000,0,0,-1.7778,-11.4742,-11.224,-12.7834,-12.223,8,a,NO,NO.
