a_first,burst_a,burst_b,burst_frames,cat_a,cat_b,f_first,f_second,flipped,fps,gap_frames,gt,interval_ms,lead_s,n_frames,name_first,noun_a,noun_b,pair_id,path,src_a,src_b,tail_s,twin_path
True,b165,b098,15,other,lift,35,37,0,30,2,0,67,1.18,92,b,scientist,weightlifter,0,data/videos_real_pilot/int_67ms/real_67_00000.avi,06_.mp4,Kettlebell_Dead_Clean_Squat_Thruster_Snatch_Combo.mp4,1.36,data/twin_real_pilot/real_67_00000.avi
False,b165,b098,15,other,lift,35,37,1,30,2,1,67,1.18,92,b,scientist,weightlifter,0,data/videos_real_pilot/int_67ms/real_67_00000_flip.avi,06_.mp4,Kettlebell_Dead_Clean_Squat_Thruster_Snatch_Combo.mp4,1.36,
False,b102,b039,15,lift,bodyweight,27,29,0,30,2,0,67,0.93,86,a,weightlifter,person doing a pull-up,12,data/videos_real_pilot/int_67ms/real_67_00012.avi,Kettlebell_Dead_Snatch_Squat_and_Kettlebell_Windmill.mp4,A_one_arm_pull_up_from_a_tree_branch_Solodkyi_Serhii_6469.mp4,1.41,data/twin_real_pilot/real_67_00012.avi
True,b102,b039,15,lift,bodyweight,27,29,1,30,2,1,67,0.93,86,a,weightlifter,person doing a pull-up,12,data/videos_real_pilot/int_67ms/real_67_00012_flip.avi,Kettlebell_Dead_Snatch_Squat_and_Kettlebell_Windmill.mp4,A_one_arm_pull_up_from_a_tree_branch_Solodkyi_Serhii_6469.mp4,1.41,
False,b032,b057,15,lift,other,36,38,0,30,2,0,67,1.2,95,a,weightlifter,horse,24,data/videos_real_pilot/int_67ms/real_67_00024.avi,Overhead_Lunge_and_Twist.mp4,Horse_eating_MVI_7496_MOV.mp4,1.4,data/twin_real_pilot/real_67_00024.avi
True,b032,b057,15,lift,other,36,38,1,30,2,1,67,1.2,95,a,weightlifter,horse,24,data/videos_real_pilot/int_67ms/real_67_00024_flip.avi,Overhead_Lunge_and_Twist.mp4,Horse_eating_MVI_7496_MOV.mp4,1.4,
True,b098,b039,15,lift,bodyweight,22,24,0,30,2,0,67,0.74,91,b,weightlifter,person doing a pull-up,36,data/videos_real_pilot/int_67ms/real_67_00036.avi,Kettlebell_Dead_Clean_Squat_Thruster_Snatch_Combo.mp4,A_one_arm_pull_up_from_a_tree_branch_Solodkyi_Serhii_6469.mp4,1.75,data/twin_real_pilot/real_67_00036.avi
False,b098,b039,15,lift,bodyweight,22,24,1,30,2,1,67,0.74,91,b,weightlifter,person doing a pull-up,36,data/videos_real_pilot/int_67ms/real_67_00036_flip.avi,Kettlebell_Dead_Clean_Squat_Thruster_Snatch_Combo.mp4,A_one_arm_pull_up_from_a_tree_branch_Solodkyi_Serhii_6469.mp4,1.75,
True,b019,b089,15,combat,lift,22,24,0,30,2,0,67,0.75,92,b,boxer,weightlifter,48,data/videos_real_pilot/int_67ms/real_67_00048.avi,Boxing_Heavy_Bag_Analysis.mp4,Dead_Snatch_into_Reverse_Lunge.mp4,1.77,data/twin_real_pilot/real_67_00048.avi
False,b019,b089,15,combat,lift,22,24,1,30,2,1,67,0.75,92,b,boxer,weightlifter,48,data/videos_real_pilot/int_67ms/real_67_00048_flip.avi,Boxing_Heavy_Bag_Analysis.mp4,Dead_Snatch_into_Reverse_Lunge.mp4,1.77,
True,b019,b105,15,combat,lift,38,41,0,30,3,1,100,1.28,99,a,boxer,weightlifter,1,data/videos_real_pilot/int_100ms/real_100_00001.avi,Boxing_Heavy_Bag_Analysis.mp4,Kettlebell_Open_Palm_Snatch.mp4,1.46,data/twin_real_pilot/real_100_00001.avi
False,b019,b105,15,combat,lift,38,41,1,30,3,0,100,1.28,99,a,boxer,weightlifter,1,data/videos_real_pilot/int_100ms/real_100_00001_flip.avi,Boxing_Heavy_Bag_Analysis.mp4,Kettlebell_Open_Palm_Snatch.mp4,1.46,
True,b044,b032,15,bodyweight,lift,31,34,0,30,3,0,100,1.05,94,b,person doing a burpee,weightlifter,13,data/videos_real_pilot/int_100ms/real_100_00013.avi,CrossFit_Burpee.mp4,Overhead_Lunge_and_Twist.mp4,1.5,data/twin_real_pilot/real_100_00013.avi
False,b044,b032,15,bodyweight,lift,31,34,1,30,3,1,100,1.05,94,b,person doing a burpee,weightlifter,13,data/videos_real_pilot/int_100ms/real_100_00013_flip.avi,CrossFit_Burpee.mp4,Overhead_Lunge_and_Twist.mp4,1.5,
False,b105,b043,15,lift,bodyweight,22,25,0,30,3,1,100,0.75,85,b,weightlifter,person doing a burpee,25,data/videos_real_pilot/int_100ms/real_100_00025.avi,Kettlebell_Open_Palm_Snatch.mp4,CrossFit_Burpee.mp4,1.53,data/twin_real_pilot/real_100_00025.avi
True,b105,b043,15,lift,bodyweight,22,25,1,30,3,0,100,0.75,85,b,weightlifter,person doing a burpee,25,data/videos_real_pilot/int_100ms/real_100_00025_flip.avi,Kettlebell_Open_Palm_Snatch.mp4,CrossFit_Burpee.mp4,1.53,
False,b103,b131,15,lift,performer,23,26,0,30,3,1,100,0.77,80,b,weightlifter,juggler,37,data/videos_real_pilot/int_100ms/real_100_00037.avi,Kettlebell_Juggling_Switch_and_Open_Palm_Clean.mp4,Gevelsberg_Mittelstra_e_Boulevard_2012_mT_05_ies.mp4,1.33,data/twin_real_pilot/real_100_00037.avi
True,b103,b131,15,lift,performer,23,26,1,30,3,0,100,0.77,80,b,weightlifter,juggler,37,data/videos_real_pilot/int_100ms/real_100_00037_flip.avi,Kettlebell_Juggling_Switch_and_Open_Palm_Clean.mp4,Gevelsberg_Mittelstra_e_Boulevard_2012_mT_05_ies.mp4,1.33,
True,b185,b099,15,other,lift,38,41,0,30,3,1,100,1.29,106,a,metal droplets,weightlifter,49,data/videos_real_pilot/int_100ms/real_100_00049.avi,Gallium_drops.mp4,Kettlebell_Dead_Snatch_Squat_Slow_mo.mp4,1.69,data/twin_real_pilot/real_100_00049.avi
False,b185,b099,15,other,lift,38,41,1,30,3,0,100,1.29,106,a,metal droplets,weightlifter,49,data/videos_real_pilot/int_100ms/real_100_00049_flip.avi,Gallium_drops.mp4,Kettlebell_Dead_Snatch_Squat_Slow_mo.mp4,1.69,
False,b109,b057,15,lift,other,21,27,0,30,6,0,200,0.71,80,a,weightlifter,horse,2,data/videos_real_pilot/int_200ms/real_200_00002.avi,Kettlebell_Snatch_into_Overhead_Reverse_Lunge.mp4,Horse_eating_MVI_7496_MOV.mp4,1.29,data/twin_real_pilot/real_200_00002.avi
True,b109,b057,15,lift,other,21,27,1,30,6,1,200,0.71,80,a,weightlifter,horse,2,data/videos_real_pilot/int_200ms/real_200_00002_flip.avi,Kettlebell_Snatch_into_Overhead_Reverse_Lunge.mp4,Horse_eating_MVI_7496_MOV.mp4,1.29,
False,b025,b042,15,combat,bodyweight,26,32,0,30,6,1,200,0.88,92,b,karate practitioner,person doing a squat jump,14,data/videos_real_pilot/int_200ms/real_200_00014.avi,Karate_Hean_Sandan.mp4,Conditioning_Drill_3_Alternate_Staggered_Squat_Jump.mp4,1.5,data/twin_real_pilot/real_200_00014.avi
True,b025,b042,15,combat,bodyweight,26,32,1,30,6,0,200,0.88,92,b,karate practitioner,person doing a squat jump,14,data/videos_real_pilot/int_200ms/real_200_00014_flip.avi,Karate_Hean_Sandan.mp4,Conditioning_Drill_3_Alternate_Staggered_Squat_Jump.mp4,1.5,
False,b057,b107,15,other,lift,27,33,0,30,6,1,200,0.92,89,b,horse,weightlifter,26,data/videos_real_pilot/int_200ms/real_200_00026.avi,Horse_eating_MVI_7496_MOV.mp4,Kettlebell_Snatch.mp4,1.38,data/twin_real_pilot/real_200_00026.avi
True,b057,b107,15,other,lift,27,33,1,30,6,0,200,0.92,89,b,horse,weightlifter,26,data/videos_real_pilot/int_200ms/real_200_00026_flip.avi,Horse_eating_MVI_7496_MOV.mp4,Kettlebell_Snatch.mp4,1.38,
False,b018,b093,15,combat,lift,33,39,0,30,6,1,200,1.1,94,b,boxer,weightlifter,38,data/videos_real_pilot/int_200ms/real_200_00038.avi,Boxing_Heavy_Bag_Analysis.mp4,Double_Kettlebell_Full_Snatch.mp4,1.36,data/twin_real_pilot/real_200_00038.avi
True,b018,b093,15,combat,lift,33,39,1,30,6,0,200,1.1,94,b,boxer,weightlifter,38,data/videos_real_pilot/int_200ms/real_200_00038_flip.avi,Boxing_Heavy_Bag_Analysis.mp4,Double_Kettlebell_Full_Snatch.mp4,1.36,
True,b165,b019,15,other,combat,33,39,0,30,6,1,200,1.13,105,a,scientist,boxer,50,data/videos_real_pilot/int_200ms/real_200_00050.avi,06_.mp4,Boxing_Heavy_Bag_Analysis.mp4,1.7,data/twin_real_pilot/real_200_00050.avi
False,b165,b019,15,other,combat,33,39,1,30,6,0,200,1.13,105,a,scientist,boxer,50,data/videos_real_pilot/int_200ms/real_200_00050_flip.avi,06_.mp4,Boxing_Heavy_Bag_Analysis.mp4,1.7,
False,b043,b105,15,bodyweight,lift,29,39,0,30,10,0,333,0.97,99,a,person doing a burpee,weightlifter,3,data/videos_real_pilot/int_333ms/real_333_00003.avi,CrossFit_Burpee.mp4,Kettlebell_Open_Palm_Snatch.mp4,1.5,data/twin_real_pilot/real_333_00003.avi
True,b043,b105,15,bodyweight,lift,29,39,1,30,10,1,333,0.97,99,a,person doing a burpee,weightlifter,3,data/videos_real_pilot/int_333ms/real_333_00003_flip.avi,CrossFit_Burpee.mp4,Kettlebell_Open_Palm_Snatch.mp4,1.5,
True,b047,b027,15,bodyweight,combat,37,47,0,30,10,0,333,1.24,98,b,person doing push-ups,karate practitioner,15,data/videos_real_pilot/int_333ms/real_333_00015.avi,Interval_Push_ups.mp4,Karate_Hean_Shodan.mp4,1.21,data/twin_real_pilot/real_333_00015.avi
False,b047,b027,15,bodyweight,combat,37,47,1,30,10,1,333,1.24,98,b,person doing push-ups,karate practitioner,15,data/videos_real_pilot/int_333ms/real_333_00015_flip.avi,Interval_Push_ups.mp4,Karate_Hean_Shodan.mp4,1.21,
False,b105,b044,15,lift,bodyweight,29,39,0,30,10,0,333,0.97,95,a,weightlifter,person doing a burpee,27,data/videos_real_pilot/int_333ms/real_333_00027.avi,Kettlebell_Open_Palm_Snatch.mp4,CrossFit_Burpee.mp4,1.37,data/twin_real_pilot/real_333_00027.avi
True,b105,b044,15,lift,bodyweight,29,39,1,30,10,1,333,0.97,95,a,weightlifter,person doing a burpee,27,data/videos_real_pilot/int_333ms/real_333_00027_flip.avi,Kettlebell_Open_Palm_Snatch.mp4,CrossFit_Burpee.mp4,1.37,
False,b043,b165,15,bodyweight,other,24,34,0,30,10,1,333,0.82,91,b,person doing a burpee,scientist,39,data/videos_real_pilot/int_333ms/real_333_00039.avi,CrossFit_Burpee.mp4,06_.mp4,1.42,data/twin_real_pilot/real_333_00039.avi
True,b043,b165,15,bodyweight,other,24,34,1,30,10,0,333,0.82,91,b,person doing a burpee,scientist,39,data/videos_real_pilot/int_333ms/real_333_00039_flip.avi,CrossFit_Burpee.mp4,06_.mp4,1.42,
False,b022,b103,15,combat,lift,37,47,0,30,10,0,333,1.24,100,a,karate practitioner,weightlifter,51,data/videos_real_pilot/int_333ms/real_333_00051.avi,Karate_Hean_Nidan.mp4,Kettlebell_Juggling_Switch_and_Open_Palm_Clean.mp4,1.29,data/twin_real_pilot/real_333_00051.avi
True,b022,b103,15,combat,lift,37,47,1,30,10,1,333,1.24,100,a,karate practitioner,weightlifter,51,data/videos_real_pilot/int_333ms/real_333_00051_flip.avi,Karate_Hean_Nidan.mp4,Kettlebell_Juggling_Switch_and_Open_Palm_Clean.mp4,1.29,
True,b022,b041,15,combat,bodyweight,38,53,0,30,15,1,500,1.29,115,a,karate practitioner,person doing a squat jump,4,data/videos_real_pilot/int_500ms/real_500_00004.avi,Karate_Hean_Nidan.mp4,Conditioning_Drill_3_Alternate_Staggered_Squat_Jump.mp4,1.58,data/twin_real_pilot/real_500_00004.avi
False,b022,b041,15,combat,bodyweight,38,53,1,30,15,0,500,1.29,115,a,karate practitioner,person doing a squat jump,4,data/videos_real_pilot/int_500ms/real_500_00004_flip.avi,Karate_Hean_Nidan.mp4,Conditioning_Drill_3_Alternate_Staggered_Squat_Jump.mp4,1.58,
True,b018,b103,15,combat,lift,35,50,0,30,15,0,500,1.19,111,b,boxer,weightlifter,16,data/videos_real_pilot/int_500ms/real_500_00016.avi,Boxing_Heavy_Bag_Analysis.mp4,Kettlebell_Juggling_Switch_and_Open_Palm_Clean.mp4,1.54,data/twin_real_pilot/real_500_00016.avi
False,b018,b103,15,combat,lift,35,50,1,30,15,1,500,1.19,111,b,boxer,weightlifter,16,data/videos_real_pilot/int_500ms/real_500_00016_flip.avi,Boxing_Heavy_Bag_Analysis.mp4,Kettlebell_Juggling_Switch_and_Open_Palm_Clean.mp4,1.54,
False,b018,b095,15,combat,lift,21,36,0,30,15,1,500,0.71,99,b,boxer,weightlifter,28,data/videos_real_pilot/int_500ms/real_500_00028.avi,Boxing_Heavy_Bag_Analysis.mp4,Kettlebell_Dead_Clean_Squat_Thruster_Snatch.mp4,1.6,data/twin_real_pilot/real_500_00028.avi
True,b018,b095,15,combat,lift,21,36,1,30,15,0,500,0.71,99,b,boxer,weightlifter,28,data/videos_real_pilot/int_500ms/real_500_00028_flip.avi,Boxing_Heavy_Bag_Analysis.mp4,Kettlebell_Dead_Clean_Squat_Thruster_Snatch.mp4,1.6,
False,b183,b019,15,other,combat,38,53,0,30,15,0,500,1.29,112,a,chameleon,boxer,40,data/videos_real_pilot/int_500ms/real_500_00040.avi,Furcifer_pardalis_moving_eyes.mp4,Boxing_Heavy_Bag_Analysis.mp4,1.47,data/twin_real_pilot/real_500_00040.avi
True,b183,b019,15,other,combat,38,53,1,30,15,1,500,1.29,112,a,chameleon,boxer,40,data/videos_real_pilot/int_500ms/real_500_00040_flip.avi,Furcifer_pardalis_moving_eyes.mp4,Boxing_Heavy_Bag_Analysis.mp4,1.47,
False,b041,b109,15,bodyweight,lift,35,50,0,30,15,0,500,1.17,115,a,person doing a squat jump,weightlifter,52,data/videos_real_pilot/int_500ms/real_500_00052.avi,Conditioning_Drill_3_Alternate_Staggered_Squat_Jump.mp4,Kettlebell_Snatch_into_Overhead_Reverse_Lunge.mp4,1.69,data/twin_real_pilot/real_500_00052.avi
True,b041,b109,15,bodyweight,lift,35,50,1,30,15,1,500,1.17,115,a,person doing a squat jump,weightlifter,52,data/videos_real_pilot/int_500ms/real_500_00052_flip.avi,Conditioning_Drill_3_Alternate_Staggered_Squat_Jump.mp4,Kettlebell_Snatch_into_Overhead_Reverse_Lunge.mp4,1.69,
False,b032,b042,15,lift,bodyweight,24,54,0,30,30,1,1000,0.83,116,b,weightlifter,person doing a squat jump,5,data/videos_real_pilot/int_1000ms/real_1000_00005.avi,Overhead_Lunge_and_Twist.mp4,Conditioning_Drill_3_Alternate_Staggered_Squat_Jump.mp4,1.59,data/twin_real_pilot/real_1000_00005.avi
True,b032,b042,15,lift,bodyweight,24,54,1,30,30,0,1000,0.83,116,b,weightlifter,person doing a squat jump,5,data/videos_real_pilot/int_1000ms/real_1000_00005_flip.avi,Overhead_Lunge_and_Twist.mp4,Conditioning_Drill_3_Alternate_Staggered_Squat_Jump.mp4,1.59,
True,b042,b111,15,bodyweight,lift,24,54,0,30,30,0,1000,0.83,117,b,person doing a squat jump,weightlifter,17,data/videos_real_pilot/int_1000ms/real_1000_00017.avi,Conditioning_Drill_3_Alternate_Staggered_Squat_Jump.mp4,Kettlebell_half_snatch_with_double_bell.mp4,1.6,data/twin_real_pilot/real_1000_00017.avi
False,b042,b111,15,bodyweight,lift,24,54,1,30,30,1,1000,0.83,117,b,person doing a squat jump,weightlifter,17,data/videos_real_pilot/int_1000ms/real_1000_00017_flip.avi,Conditioning_Drill_3_Alternate_Staggered_Squat_Jump.mp4,Kettlebell_half_snatch_with_double_bell.mp4,1.6,
True,b027,b032,15,combat,lift,36,66,0,30,30,1,1000,1.2,131,a,karate practitioner,weightlifter,29,data/videos_real_pilot/int_1000ms/real_1000_00029.avi,Karate_Hean_Shodan.mp4,Overhead_Lunge_and_Twist.mp4,1.67,data/twin_real_pilot/real_1000_00029.avi
False,b027,b032,15,combat,lift,36,66,1,30,30,0,1000,1.2,131,a,karate practitioner,weightlifter,29,data/videos_real_pilot/int_1000ms/real_1000_00029_flip.avi,Karate_Hean_Shodan.mp4,Overhead_Lunge_and_Twist.mp4,1.67,
False,b098,b018,15,lift,combat,37,67,0,30,30,1,1000,1.26,124,b,weightlifter,boxer,41,data/videos_real_pilot/int_1000ms/real_1000_00041.avi,Kettlebell_Dead_Clean_Squat_Thruster_Snatch_Combo.mp4,Boxing_Heavy_Bag_Analysis.mp4,1.43,data/twin_real_pilot/real_1000_00041.avi
True,b098,b018,15,lift,combat,37,67,1,30,30,0,1000,1.26,124,b,weightlifter,boxer,41,data/videos_real_pilot/int_1000ms/real_1000_00041_flip.avi,Kettlebell_Dead_Clean_Squat_Thruster_Snatch_Combo.mp4,Boxing_Heavy_Bag_Analysis.mp4,1.43,
False,b095,b165,15,lift,other,24,54,0,30,30,0,1000,0.81,112,a,weightlifter,scientist,53,data/videos_real_pilot/int_1000ms/real_1000_00053.avi,Kettlebell_Dead_Clean_Squat_Thruster_Snatch.mp4,06_.mp4,1.46,data/twin_real_pilot/real_1000_00053.avi
True,b095,b165,15,lift,other,24,54,1,30,30,1,1000,0.81,112,a,weightlifter,scientist,53,data/videos_real_pilot/int_1000ms/real_1000_00053_flip.avi,Kettlebell_Dead_Clean_Squat_Thruster_Snatch.mp4,06_.mp4,1.46,
True,b099,b027,15,lift,combat,33,78,0,30,45,0,1500,1.1,136,b,weightlifter,karate practitioner,6,data/videos_real_pilot/int_1500ms/real_1500_00006.avi,Kettlebell_Dead_Snatch_Squat_Slow_mo.mp4,Karate_Hean_Shodan.mp4,1.46,data/twin_real_pilot/real_1500_00006.avi
False,b099,b027,15,lift,combat,33,78,1,30,45,1,1500,1.1,136,b,weightlifter,karate practitioner,6,data/videos_real_pilot/int_1500ms/real_1500_00006_flip.avi,Kettlebell_Dead_Snatch_Squat_Slow_mo.mp4,Karate_Hean_Shodan.mp4,1.46,
False,b093,b018,15,lift,combat,37,82,0,30,45,1,1500,1.25,148,b,weightlifter,boxer,18,data/videos_real_pilot/int_1500ms/real_1500_00018.avi,Double_Kettlebell_Full_Snatch.mp4,Boxing_Heavy_Bag_Analysis.mp4,1.7,data/twin_real_pilot/real_1500_00018.avi
True,b093,b018,15,lift,combat,37,82,1,30,45,0,1500,1.25,148,b,weightlifter,boxer,18,data/videos_real_pilot/int_1500ms/real_1500_00018_flip.avi,Double_Kettlebell_Full_Snatch.mp4,Boxing_Heavy_Bag_Analysis.mp4,1.7,
True,b044,b111,15,bodyweight,lift,24,69,0,30,45,0,1500,0.8,128,b,person doing a burpee,weightlifter,30,data/videos_real_pilot/int_1500ms/real_1500_00030.avi,CrossFit_Burpee.mp4,Kettlebell_half_snatch_with_double_bell.mp4,1.47,data/twin_real_pilot/real_1500_00030.avi
False,b044,b111,15,bodyweight,lift,24,69,1,30,45,1,1500,0.8,128,b,person doing a burpee,weightlifter,30,data/videos_real_pilot/int_1500ms/real_1500_00030_flip.avi,CrossFit_Burpee.mp4,Kettlebell_half_snatch_with_double_bell.mp4,1.47,
True,b019,b102,15,combat,lift,24,69,0,30,45,0,1500,0.81,134,b,boxer,weightlifter,42,data/videos_real_pilot/int_1500ms/real_1500_00042.avi,Boxing_Heavy_Bag_Analysis.mp4,Kettlebell_Dead_Snatch_Squat_and_Kettlebell_Windmill.mp4,1.68,data/twin_real_pilot/real_1500_00042.avi
False,b019,b102,15,combat,lift,24,69,1,30,45,1,1500,0.81,134,b,boxer,weightlifter,42,data/videos_real_pilot/int_1500ms/real_1500_00042_flip.avi,Boxing_Heavy_Bag_Analysis.mp4,Kettlebell_Dead_Snatch_Squat_and_Kettlebell_Windmill.mp4,1.68,
True,b027,b183,15,combat,other,25,70,0,30,45,1,1500,0.85,122,a,karate practitioner,chameleon,54,data/videos_real_pilot/int_1500ms/real_1500_00054.avi,Karate_Hean_Shodan.mp4,Furcifer_pardalis_moving_eyes.mp4,1.24,data/twin_real_pilot/real_1500_00054.avi
False,b027,b183,15,combat,other,25,70,1,30,45,0,1500,0.85,122,a,karate practitioner,chameleon,54,data/videos_real_pilot/int_1500ms/real_1500_00054_flip.avi,Karate_Hean_Shodan.mp4,Furcifer_pardalis_moving_eyes.mp4,1.24,
False,b089,b079,15,lift,other,38,98,0,30,60,0,2000,1.28,164,a,weightlifter,locust,7,data/videos_real_pilot/int_2000ms/real_2000_00007.avi,Dead_Snatch_into_Reverse_Lunge.mp4,Locusta_migratoria_female_flying_HighSpeedPhoto.mp4,1.73,data/twin_real_pilot/real_2000_00007.avi
True,b089,b079,15,lift,other,38,98,1,30,60,1,2000,1.28,164,a,weightlifter,locust,7,data/videos_real_pilot/int_2000ms/real_2000_00007_flip.avi,Dead_Snatch_into_Reverse_Lunge.mp4,Locusta_migratoria_female_flying_HighSpeedPhoto.mp4,1.73,
False,b039,b099,15,bodyweight,lift,22,82,0,30,60,0,2000,0.74,133,a,person doing a pull-up,weightlifter,19,data/videos_real_pilot/int_2000ms/real_2000_00019.avi,A_one_arm_pull_up_from_a_tree_branch_Solodkyi_Serhii_6469.mp4,Kettlebell_Dead_Snatch_Squat_Slow_mo.mp4,1.22,data/twin_real_pilot/real_2000_00019.avi
True,b039,b099,15,bodyweight,lift,22,82,1,30,60,1,2000,0.74,133,a,person doing a pull-up,weightlifter,19,data/videos_real_pilot/int_2000ms/real_2000_00019_flip.avi,A_one_arm_pull_up_from_a_tree_branch_Solodkyi_Serhii_6469.mp4,Kettlebell_Dead_Snatch_Squat_Slow_mo.mp4,1.22,
False,b025,b107,15,combat,lift,34,94,0,30,60,0,2000,1.15,146,a,karate practitioner,weightlifter,31,data/videos_real_pilot/int_2000ms/real_2000_00031.avi,Karate_Hean_Sandan.mp4,Kettlebell_Snatch.mp4,1.26,data/twin_real_pilot/real_2000_00031.avi
True,b025,b107,15,combat,lift,34,94,1,30,60,1,2000,1.15,146,a,karate practitioner,weightlifter,31,data/videos_real_pilot/int_2000ms/real_2000_00031_flip.avi,Karate_Hean_Sandan.mp4,Kettlebell_Snatch.mp4,1.26,
False,b183,b022,15,other,combat,25,85,0,30,60,1,2000,0.85,137,b,chameleon,karate practitioner,43,data/videos_real_pilot/int_2000ms/real_2000_00043.avi,Furcifer_pardalis_moving_eyes.mp4,Karate_Hean_Nidan.mp4,1.26,data/twin_real_pilot/real_2000_00043.avi
True,b183,b022,15,other,combat,25,85,1,30,60,0,2000,0.85,137,b,chameleon,karate practitioner,43,data/videos_real_pilot/int_2000ms/real_2000_00043_flip.avi,Furcifer_pardalis_moving_eyes.mp4,Karate_Hean_Nidan.mp4,1.26,
False,b102,b183,15,lift,other,30,90,0,30,60,1,2000,1.03,150,b,weightlifter,chameleon,55,data/videos_real_pilot/int_2000ms/real_2000_00055.avi,Kettlebell_Dead_Snatch_Squat_and_Kettlebell_Windmill.mp4,Furcifer_pardalis_moving_eyes.mp4,1.52,data/twin_real_pilot/real_2000_00055.avi
True,b102,b183,15,lift,other,30,90,1,30,60,0,2000,1.03,150,b,weightlifter,chameleon,55,data/videos_real_pilot/int_2000ms/real_2000_00055_flip.avi,Kettlebell_Dead_Snatch_Squat_and_Kettlebell_Windmill.mp4,Furcifer_pardalis_moving_eyes.mp4,1.52,
True,b099,b047,15,lift,bodyweight,26,116,0,30,90,1,3000,0.89,183,a,weightlifter,person doing push-ups,8,data/videos_real_pilot/int_3000ms/real_3000_00008.avi,Kettlebell_Dead_Snatch_Squat_Slow_mo.mp4,Interval_Push_ups.mp4,1.76,data/twin_real_pilot/real_3000_00008.avi
False,b099,b047,15,lift,bodyweight,26,116,1,30,90,0,3000,0.89,183,a,weightlifter,person doing push-ups,8,data/videos_real_pilot/int_3000ms/real_3000_00008_flip.avi,Kettlebell_Dead_Snatch_Squat_Slow_mo.mp4,Interval_Push_ups.mp4,1.76,
True,b109,b019,15,lift,combat,37,127,0,30,90,1,3000,1.25,181,a,weightlifter,boxer,20,data/videos_real_pilot/int_3000ms/real_3000_00020.avi,Kettlebell_Snatch_into_Overhead_Reverse_Lunge.mp4,Boxing_Heavy_Bag_Analysis.mp4,1.33,data/twin_real_pilot/real_3000_00020.avi
False,b109,b019,15,lift,combat,37,127,1,30,90,0,3000,1.25,181,a,weightlifter,boxer,20,data/videos_real_pilot/int_3000ms/real_3000_00020_flip.avi,Kettlebell_Snatch_into_Overhead_Reverse_Lunge.mp4,Boxing_Heavy_Bag_Analysis.mp4,1.33,
False,b079,b093,15,other,lift,35,125,0,30,90,1,3000,1.18,185,b,locust,weightlifter,32,data/videos_real_pilot/int_3000ms/real_3000_00032.avi,Locusta_migratoria_female_flying_HighSpeedPhoto.mp4,Double_Kettlebell_Full_Snatch.mp4,1.53,data/twin_real_pilot/real_3000_00032.avi
True,b079,b093,15,other,lift,35,125,1,30,90,0,3000,1.18,185,b,locust,weightlifter,32,data/videos_real_pilot/int_3000ms/real_3000_00032_flip.avi,Locusta_migratoria_female_flying_HighSpeedPhoto.mp4,Double_Kettlebell_Full_Snatch.mp4,1.53,
False,b039,b102,15,bodyweight,lift,25,115,0,30,90,0,3000,0.85,166,a,person doing a pull-up,weightlifter,44,data/videos_real_pilot/int_3000ms/real_3000_00044.avi,A_one_arm_pull_up_from_a_tree_branch_Solodkyi_Serhii_6469.mp4,Kettlebell_Dead_Snatch_Squat_and_Kettlebell_Windmill.mp4,1.21,data/twin_real_pilot/real_3000_00044.avi
True,b039,b102,15,bodyweight,lift,25,115,1,30,90,1,3000,0.85,166,a,person doing a pull-up,weightlifter,44,data/videos_real_pilot/int_3000ms/real_3000_00044_flip.avi,A_one_arm_pull_up_from_a_tree_branch_Solodkyi_Serhii_6469.mp4,Kettlebell_Dead_Snatch_Squat_and_Kettlebell_Windmill.mp4,1.21,
False,b107,b025,15,lift,combat,21,111,0,30,90,1,3000,0.71,177,b,weightlifter,karate practitioner,56,data/videos_real_pilot/int_3000ms/real_3000_00056.avi,Kettlebell_Snatch.mp4,Karate_Hean_Sandan.mp4,1.7,data/twin_real_pilot/real_3000_00056.avi
True,b107,b025,15,lift,combat,21,111,1,30,90,0,3000,0.71,177,b,weightlifter,karate practitioner,56,data/videos_real_pilot/int_3000ms/real_3000_00056_flip.avi,Kettlebell_Snatch.mp4,Karate_Hean_Sandan.mp4,1.7,
False,b107,b044,15,lift,bodyweight,31,181,0,30,150,1,5000,1.04,234,b,weightlifter,person doing a burpee,9,data/videos_real_pilot/int_5000ms/real_5000_00009.avi,Kettlebell_Snatch.mp4,CrossFit_Burpee.mp4,1.28,data/twin_real_pilot/real_5000_00009.avi
True,b107,b044,15,lift,bodyweight,31,181,1,30,150,0,5000,1.04,234,b,weightlifter,person doing a burpee,9,data/videos_real_pilot/int_5000ms/real_5000_00009_flip.avi,Kettlebell_Snatch.mp4,CrossFit_Burpee.mp4,1.28,
False,b111,b079,15,lift,other,27,177,0,30,150,1,5000,0.92,234,b,weightlifter,locust,21,data/videos_real_pilot/int_5000ms/real_5000_00021.avi,Kettlebell_half_snatch_with_double_bell.mp4,Locusta_migratoria_female_flying_HighSpeedPhoto.mp4,1.4,data/twin_real_pilot/real_5000_00021.avi
True,b111,b079,15,lift,other,27,177,1,30,150,0,5000,0.92,234,b,weightlifter,locust,21,data/videos_real_pilot/int_5000ms/real_5000_00021_flip.avi,Kettlebell_half_snatch_with_double_bell.mp4,Locusta_migratoria_female_flying_HighSpeedPhoto.mp4,1.4,
False,b103,b185,15,lift,other,33,183,0,30,150,1,5000,1.13,239,b,weightlifter,metal droplets,33,data/videos_real_pilot/int_5000ms/real_5000_00033.avi,Kettlebell_Juggling_Switch_and_Open_Palm_Clean.mp4,Gallium_drops.mp4,1.39,data/twin_real_pilot/real_5000_00033.avi
True,b103,b185,15,lift,other,33,183,1,30,150,0,5000,1.13,239,b,weightlifter,metal droplets,33,data/videos_real_pilot/int_5000ms/real_5000_00033_flip.avi,Kettlebell_Juggling_Switch_and_Open_Palm_Clean.mp4,Gallium_drops.mp4,1.39,
True,b079,b109,15,other,lift,25,175,0,30,150,1,5000,0.86,241,a,locust,weightlifter,45,data/videos_real_pilot/int_5000ms/real_5000_00045.avi,Locusta_migratoria_female_flying_HighSpeedPhoto.mp4,Kettlebell_Snatch_into_Overhead_Reverse_Lunge.mp4,1.72,data/twin_real_pilot/real_5000_00045.avi
False,b079,b109,15,other,lift,25,175,1,30,150,0,5000,0.86,241,a,locust,weightlifter,45,data/videos_real_pilot/int_5000ms/real_5000_00045_flip.avi,Locusta_migratoria_female_flying_HighSpeedPhoto.mp4,Kettlebell_Snatch_into_Overhead_Reverse_Lunge.mp4,1.72,
True,b131,b095,15,performer,lift,21,171,0,30,150,0,5000,0.71,233,b,juggler,weightlifter,57,data/videos_real_pilot/int_5000ms/real_5000_00057.avi,Gevelsberg_Mittelstra_e_Boulevard_2012_mT_05_ies.mp4,Kettlebell_Dead_Clean_Squat_Thruster_Snatch.mp4,1.59,data/twin_real_pilot/real_5000_00057.avi
False,b131,b095,15,performer,lift,21,171,1,30,150,1,5000,0.71,233,b,juggler,weightlifter,57,data/videos_real_pilot/int_5000ms/real_5000_00057_flip.avi,Gevelsberg_Mittelstra_e_Boulevard_2012_mT_05_ies.mp4,Kettlebell_Dead_Clean_Squat_Thruster_Snatch.mp4,1.59,
False,b185,b089,15,other,lift,31,241,0,30,210,0,7000,1.05,295,a,metal droplets,weightlifter,10,data/videos_real_pilot/int_7000ms/real_7000_00010.avi,Gallium_drops.mp4,Dead_Snatch_into_Reverse_Lunge.mp4,1.33,data/twin_real_pilot/real_7000_00010.avi
True,b185,b089,15,other,lift,31,241,1,30,210,1,7000,1.05,295,a,metal droplets,weightlifter,10,data/videos_real_pilot/int_7000ms/real_7000_00010_flip.avi,Gallium_drops.mp4,Dead_Snatch_into_Reverse_Lunge.mp4,1.33,
True,b047,b018,15,bodyweight,combat,23,233,0,30,210,0,7000,0.78,293,b,person doing push-ups,boxer,22,data/videos_real_pilot/int_7000ms/real_7000_00022.avi,Interval_Push_ups.mp4,Boxing_Heavy_Bag_Analysis.mp4,1.53,data/twin_real_pilot/real_7000_00022.avi
False,b047,b018,15,bodyweight,combat,23,233,1,30,210,1,7000,0.78,293,b,person doing push-ups,boxer,22,data/videos_real_pilot/int_7000ms/real_7000_00022_flip.avi,Interval_Push_ups.mp4,Boxing_Heavy_Bag_Analysis.mp4,1.53,
True,b093,b025,15,lift,combat,21,231,0,30,210,0,7000,0.72,282,b,weightlifter,karate practitioner,34,data/videos_real_pilot/int_7000ms/real_7000_00034.avi,Double_Kettlebell_Full_Snatch.mp4,Karate_Hean_Sandan.mp4,1.21,data/twin_real_pilot/real_7000_00034.avi
False,b093,b025,15,lift,combat,21,231,1,30,210,1,7000,0.72,282,b,weightlifter,karate practitioner,34,data/videos_real_pilot/int_7000ms/real_7000_00034_flip.avi,Double_Kettlebell_Full_Snatch.mp4,Karate_Hean_Sandan.mp4,1.21,
False,b111,b131,15,lift,performer,32,242,0,30,210,0,7000,1.08,298,a,weightlifter,juggler,46,data/videos_real_pilot/int_7000ms/real_7000_00046.avi,Kettlebell_half_snatch_with_double_bell.mp4,Gevelsberg_Mittelstra_e_Boulevard_2012_mT_05_ies.mp4,1.37,data/twin_real_pilot/real_7000_00046.avi
True,b111,b131,15,lift,performer,32,242,1,30,210,1,7000,1.08,298,a,weightlifter,juggler,46,data/videos_real_pilot/int_7000ms/real_7000_00046_flip.avi,Kettlebell_half_snatch_with_double_bell.mp4,Gevelsberg_Mittelstra_e_Boulevard_2012_mT_05_ies.mp4,1.37,
True,b041,b098,15,bodyweight,lift,22,232,0,30,210,1,7000,0.74,289,a,person doing a squat jump,weightlifter,58,data/videos_real_pilot/int_7000ms/real_7000_00058.avi,Conditioning_Drill_3_Alternate_Staggered_Squat_Jump.mp4,Kettlebell_Dead_Clean_Squat_Thruster_Snatch_Combo.mp4,1.41,data/twin_real_pilot/real_7000_00058.avi
False,b041,b098,15,bodyweight,lift,22,232,1,30,210,0,7000,0.74,289,a,person doing a squat jump,weightlifter,58,data/videos_real_pilot/int_7000ms/real_7000_00058_flip.avi,Conditioning_Drill_3_Alternate_Staggered_Squat_Jump.mp4,Kettlebell_Dead_Clean_Squat_Thruster_Snatch_Combo.mp4,1.41,
False,b131,b043,15,performer,bodyweight,24,324,0,30,300,1,10000,0.8,390,b,juggler,person doing a burpee,11,data/videos_real_pilot/int_10000ms/real_10000_00011.avi,Gevelsberg_Mittelstra_e_Boulevard_2012_mT_05_ies.mp4,CrossFit_Burpee.mp4,1.72,data/twin_real_pilot/real_10000_00011.avi
True,b131,b043,15,performer,bodyweight,24,324,1,30,300,0,10000,0.8,390,b,juggler,person doing a burpee,11,data/videos_real_pilot/int_10000ms/real_10000_00011_flip.avi,Gevelsberg_Mittelstra_e_Boulevard_2012_mT_05_ies.mp4,CrossFit_Burpee.mp4,1.72,
True,b095,b041,15,lift,bodyweight,28,328,0,30,300,1,10000,0.94,385,a,weightlifter,person doing a squat jump,23,data/videos_real_pilot/int_10000ms/real_10000_00023.avi,Kettlebell_Dead_Clean_Squat_Thruster_Snatch.mp4,Conditioning_Drill_3_Alternate_Staggered_Squat_Jump.mp4,1.43,data/twin_real_pilot/real_10000_00023.avi
False,b095,b041,15,lift,bodyweight,28,328,1,30,300,0,10000,0.94,385,a,weightlifter,person doing a squat jump,23,data/videos_real_pilot/int_10000ms/real_10000_00023_flip.avi,Kettlebell_Dead_Clean_Squat_Thruster_Snatch.mp4,Conditioning_Drill_3_Alternate_Staggered_Squat_Jump.mp4,1.43,
False,b089,b047,15,lift,bodyweight,34,334,0,30,300,1,10000,1.14,390,b,weightlifter,person doing push-ups,35,data/videos_real_pilot/int_10000ms/real_10000_00035.avi,Dead_Snatch_into_Reverse_Lunge.mp4,Interval_Push_ups.mp4,1.39,data/twin_real_pilot/real_10000_00035.avi
True,b089,b047,15,lift,bodyweight,34,334,1,30,300,0,10000,1.14,390,b,weightlifter,person doing push-ups,35,data/videos_real_pilot/int_10000ms/real_10000_00035_flip.avi,Dead_Snatch_into_Reverse_Lunge.mp4,Interval_Push_ups.mp4,1.39,
False,b057,b022,15,other,combat,29,329,0,30,300,1,10000,0.98,395,b,horse,karate practitioner,47,data/videos_real_pilot/int_10000ms/real_10000_00047.avi,Horse_eating_MVI_7496_MOV.mp4,Karate_Hean_Nidan.mp4,1.72,data/twin_real_pilot/real_10000_00047.avi
True,b057,b022,15,other,combat,29,329,1,30,300,0,10000,0.98,395,b,horse,karate practitioner,47,data/videos_real_pilot/int_10000ms/real_10000_00047_flip.avi,Horse_eating_MVI_7496_MOV.mp4,Karate_Hean_Nidan.mp4,1.72,
True,b042,b185,15,bodyweight,other,23,323,0,30,300,1,10000,0.78,391,a,person doing a squat jump,metal droplets,59,data/videos_real_pilot/int_10000ms/real_10000_00059.avi,Conditioning_Drill_3_Alternate_Staggered_Squat_Jump.mp4,Gallium_drops.mp4,1.79,data/twin_real_pilot/real_10000_00059.avi
False,b042,b185,15,bodyweight,other,23,323,1,30,300,0,10000,0.78,391,a,person doing a squat jump,metal droplets,59,data/videos_real_pilot/int_10000ms/real_10000_00059_flip.avi,Conditioning_Drill_3_Alternate_Staggered_Squat_Jump.mp4,Gallium_drops.mp4,1.79,
