model,feat,label,null_mean,null_max
llava-next-video,drop_last_L8,a_first,0.4996666666666667,0.5366666666666666
llava-next-video,drop_last_L0,gt,0.507375,0.5575
llava-next-video,drop_last_L12,interval4,0.2960833333333333,0.32583333333333336
llava-next-video,drop_mean_L8,a_first,0.5038333333333334,0.5291666666666667
llava-next-video,drop_mean_L20,gt,0.49870833333333336,0.5483333333333333
llava-next-video,drop_mean_L12,interval4,0.30312500000000003,0.325
llava-next-video,enc_mean_L21,a_first,0.5047916666666666,0.5416666666666667
llava-next-video,enc_mean_L3,gt,0.499375,0.5308333333333334
llava-next-video,enc_mean_L12,interval4,0.2969166666666666,0.32166666666666666
llava-next-video,real_last_L8,a_first,0.501875,0.5425
llava-next-video,real_last_L0,gt,0.5047499999999999,0.5291666666666666
llava-next-video,real_last_L12,interval4,0.29225,0.31833333333333336
llava-next-video,real_mean_L31,a_first,0.49845833333333334,0.5366666666666667
llava-next-video,real_mean_L20,gt,0.507,0.5533333333333335
llava-next-video,real_mean_L16,interval4,0.3008333333333333,0.3283333333333333
llava-next-video,shuf_last_L8,a_first,0.497375,0.515
llava-next-video,shuf_last_L24,gt,0.4925416666666666,0.5391666666666667
llava-next-video,shuf_last_L24,interval4,0.301375,0.3316666666666667
llava-next-video,shuf_mean_L12,a_first,0.49549999999999994,0.5233333333333332
llava-next-video,shuf_mean_L0,gt,0.4974583333333332,0.5391666666666666
llava-next-video,shuf_mean_L20,interval4,0.3003333333333334,0.32999999999999996
