n,p_yes,bacc,dprime,c,model,cond,subset,parse_rate
1200,0.04083333333333333,0.541038525963149,1.7592850910248963,2.2662816449924903,videochat-flash,real,all,1.0
1200,0.04083333333333333,0.541038525963149,1.7592850910248963,2.2662816449924903,videochat-flash,real,visible,1.0
0,,,,,videochat-flash,real,invisible,
1200,0.04833333333333333,0.47190763102410893,-0.6098102128478708,1.7305408611172408,videochat-flash,shuf,all,1.0
1200,0.04833333333333333,0.47190763102410893,-0.6098102128478708,1.7305408611172408,videochat-flash,shuf,visible,1.0
0,,,,,videochat-flash,shuf,invisible,
1200,0.0025,0.49917914614532033,-0.16544848258479083,2.723233801898857,videochat-flash,drop,all,1.0
1200,0.0025,0.49917914614532033,-0.16544848258479083,2.723233801898857,videochat-flash,drop,visible,1.0
0,,,,,videochat-flash,drop,invisible,
