video_id,dim,question,gold,pred,margin,top_token,response
1034419625,direction,Is the man moving from left to right?,1,0,-1.6941,NO,NO
1034419625,direction,"In the camera's point of view, is the man moving from left to right?",1,0,-0.6223,NO,NO
1034419625,direction,"In relation to the camera's position, is the man headed from left to right?",1,0,-0.5599,NO,NO
1034419625,direction,Is the man moving from right to left?,0,0,-1.3185,NO,NO
1034419625,direction,"In the camera's point of view, is the man moving from right to left?",0,0,-0.5817,NO,NO
1034419625,direction,"In relation to the camera's position, is the man headed from right to left?",0,0,-0.2835,NO,NO
1034419625_reverse,direction,Is the man moving from right to left?,1,0,-1.3185,NO,NO
1034419625_reverse,direction,"In the camera's point of view, is the man moving from right to left?",1,0,-0.5817,NO,NO
1034419625_reverse,direction,"In relation to the camera's position, is the man headed from right to left?",1,0,-0.2835,NO,NO
1034419625_reverse,direction,Is the man moving from left to right?,0,0,-1.6941,NO,NO
1034419625_reverse,direction,"In the camera's point of view, is the man moving from left to right?",0,0,-0.6223,NO,NO
1034419625_reverse,direction,"In relation to the camera's position, is the man headed from left to right?",0,0,-0.5599,NO,NO
1094590221,direction,Does the position of the basketball moving leftwards?,1,0,-1.5715,NO,NO
1094590221,direction,Does the position of the basketball moving rightwards?,0,0,-1.4804,NO,NO
1094590221_reverse,direction,Does the position of the basketball moving rightwards?,1,0,-1.4804,NO,NO
1094590221_reverse,direction,Does the position of the basketball moving leftwards?,0,0,-1.5715,NO,NO
1111657885,direction,Are the people skating towards the camera?,1,0,-0.997,NO,NO
1111657885,direction,Is the direction that the people moving towards the camera?,1,0,-0.8757,NO,NO
1111657885,direction,Is the movement of the people towards the camera?,1,0,-0.6143,NO,NO
1111657885,direction,Are the people skating parallel to the screen?,0,0,-0.6172,NO,NO
1111657885,direction,Are the people moving away in relation to the camera?,0,0,-0.4619,NO,NO
1111657885,direction,Is the movement of the people away from the camera?,0,0,-1.1473,NO,NO
1111657885_reverse,direction,Are the people skating towards the camera?,0,0,-0.997,NO,NO
1111657885_reverse,direction,Is the direction that the people moving towards the camera?,0,0,-0.8757,NO,NO
1111657885_reverse,direction,Is the movement of the people towards the camera?,0,0,-0.6143,NO,NO
1111657885_reverse,direction,Are the people skating away from the screen?,1,0,-1.1568,NO,NO
1111657885_reverse,direction,Are the people moving away in relation to the camera?,1,0,-0.4619,NO,NO
1111657885_reverse,direction,Is the movement of the people away from the camera?,1,0,-1.1473,NO,NO
1089810425,direction,Is the panning direction in the video right to left?,1,0,-0.3192,NO,NO
1089810425,direction,Is the camera movement in the video panning from right to left?,1,0,-1.9156,NO,NO
1089810425,direction,Is the video shifting horizontally?,1,0,-2.2407,NO,NO
1089810425,direction,Is the camera moving leftward?,1,0,-2.1278,NO,NO
1089810425,direction,Is the panning direction in the video left to right?,0,0,-0.8918,NO,NO
1089810425,direction,Is the camera movement in the video zooming in?,0,0,-2.898,NO,NO
1089810425,direction,Is the video shifting vertically?,0,0,-1.4456,NO,NO
1089810425,direction,Is the camera moving rightward?,0,0,-1.491,NO,NO
1089810425_reverse,direction,Is the panning direction in the video left to right?,1,0,-0.8918,NO,NO
1089810425_reverse,direction,Is the camera movement in the video panning from left to right?,1,0,-2.6698,NO,NO
1089810425_reverse,direction,Is the video shifting horizontally?,1,0,-2.2407,NO,NO
1089810425_reverse,direction,Is the camera moving rightward?,1,0,-1.491,NO,NO
1089810425_reverse,direction,Is the panning direction in the video right to left?,0,0,-0.3192,NO,NO
1089810425_reverse,direction,Is the camera movement in the video zooming in?,0,0,-2.898,NO,NO
1089810425_reverse,direction,Is the video shifting vertically?,0,0,-1.4456,NO,NO
1089810425_reverse,direction,Is the camera moving leftward?,0,0,-2.1278,NO,NO
1077507593,order,Does the skillet smoke before burning in fire?,1,0,-0.397,NO,NO
1077507593,order,Is smoking the first event to happen to the skillet before burning?,1,1,0.5863,YES,YES
1077507593,order,Does smoking occur before burning in fire for the skillet?,1,0,-0.0305,NO,NO
1077507593,order,Does the skillet burn in fire before smoking?,0,0,-0.9176,NO,NO
1077507593,order,Is smoking the second event to happen to the skillet after burning?,0,0,-0.5378,NO,NO
1077507593,order,Does the skillet smoke after burning in fire?,0,0,-0.3221,NO,NO
1059718130,direction,Is the sun rising?,1,0,-1.5885,NO,NO
1059718130,direction,Is the direction of the sun about rising?,1,1,0.0579,YES,YES
1059718130,direction,Is rising the primary movement of the sun?,1,0,-0.0554,NO,NO
1059718130,direction,Is the sun setting?,0,0,-1.3472,NO,NO
1059718130,direction,Is the sun making a circular motion?,0,0,-0.9717,NO,NO
1059718130,direction,Is descending the primary movement of the sun?,0,0,-0.041,NO,NO
1059718130_reverse,direction,Is the sun falling?,1,0,-2.0676,NO,NO
1059718130_reverse,direction,Is the direction of the sun about falling?,1,0,-0.3642,NO,NO
1059718130_reverse,direction,Is falling the primary movement of the sun?,1,0,-0.9221,NO,NO
1059718130_reverse,direction,Is the sun rising?,0,0,-1.5885,NO,NO
1059718130_reverse,direction,Is the sun making a circular motion?,0,0,-0.9717,NO,NO
1059718130_reverse,direction,Is ascending the primary movement of the sun?,0,1,0.0848,YES,YES
1083845854,direction,Are the clock hands moving clockwise?,1,1,1.1315,YES,YES
1083845854,direction,Are the clock hands moving counterclockwise?,0,0,-2.2821,NO,NO
1100329207,direction,Is the direction of the camera view moving forward?,1,0,-2.8277,NO,NO
1100329207,direction,Is the video panning in the forward direction?,1,0,-4.2744,NO,NO
1100329207,direction,Is the camera movement directed towards moving forward?,1,0,-1.978,NO,NO
1100329207,direction,Is the direction of the camera view moving backward?,0,0,-2.2647,NO,NO
1100329207,direction,Is the video panning downwards?,0,0,-3.0673,NO,NO
1100329207,direction,Is the camera movement tilting up?,0,0,-3.0752,NO,NO
1089201973,direction,Is the football moving from left to right?,1,0,-0.9903,NO,NO
1089201973,direction,Is the football moving from right to left?,0,0,-0.7253,NO,NO
1034736653,direction,Are the woman athletes running from left to right?,1,0,-0.982,NO,NO
1034736653,direction,Are the woman athletes running from right to left?,0,0,-0.7021,NO,NO
1084153195,direction,Are the dolphins swimming towards the shore?,1,0,-2.1851,NO,NO
1084153195,direction,In which direction are the dolphins swimming? Towards the shore?,1,0,-0.553,NO,NO
1084153195,direction,Are the dolphins hovering in one place in the entire video?,0,1,0.2455,YES,YES
1084153195,direction,Are the dolphins swimming away from the shore?,0,0,-1.3622,NO,NO
1084153195,order,"Do the dolphins swim towards the shore, followed by getting fed with fish?",1,0,-4.0208,NO,NO
1084153195,order,Is getting fed with fish happens after swimming towards the shore for the dolphins?,1,0,-1.3406,NO,NO
1084153195,order,Do the dolphins swim towards the shore and then get fed with fish?,1,0,-5.0349,NO,NO
1084153195,order,Do the dolphins get fed with fish before swimming towards the shore?,0,0,-1.4919,NO,NO
1084153195,order,Is getting fed with fish happens before swimming towards the shore for the dolphins?,0,0,-0.7848,NO,NO
1084153195,order,Do the dolphins get fed with fish and then swim towards the shore?,0,0,-3.3571,NO,NO
1081092839,direction,Is the direction of the sun descending?,1,1,0.6281,YES,YES
1081092839,direction,Is the movement pattern of the sun falling?,1,0,-0.0004,NO,NO
1081092839,direction,Does the sun travel downwards?,1,1,0.1013,YES,YES
1081092839,direction,Is the direction of the sun ascending?,0,0,-0.1785,NO,NO
1081092839,direction,Is the movement pattern of the sun rising?,0,0,-0.4343,NO,NO
1081092839,direction,Does the sun travel upwards during sunrise,0,0,-0.9301,NO,NO
1059462749,direction,Is the person moving downwards?,1,0,-0.7689,NO,NO
1059462749,direction,Does the word 'descending' describe the movement of the person?,1,0,-0.1566,NO,NO
1059462749,direction,Is the person descending from a higher point to a lower point?,1,0,-0.2939,NO,NO
1059462749,direction,Is the person moving upwards?,0,0,-1.0177,NO,NO
1059462749,direction,Does the word 'rising' describe the movement of the person?,0,1,0.1007,YES,YES
1059462749,direction,Is the person ascending towards a higher point from a lower point?,0,0,-0.7159,NO,NO
1077590324,order,Is the woman putting clothes into the washing machine and then standing up to operate it?,1,0,-0.9152,NO,NO
1077590324,order,Is putting clothes into the washing machine and then turning it on the sequence of actions taken by the woman?,1,1,0.2448,YES,YES
1077590324,order,Is the woman closing the door of the washing machine and then standing in front of it?,1,0,-1.2009,NO,NO
1077590324,order,Is the woman sitting down to operate the washing machine and then putting clothes into it?,0,0,-1.6319,NO,NO
1077590324,order,Is turning off the washing machine and then getting dressed the sequence of actions taken by the woman?,0,0,-0.3186,NO,NO
1077590324,order,Is the woman opening the door of the washing machine and then standing in front of it?,0,0,-1.2894,NO,NO
1064645467,order,Does the man take off his jacket before jumping up to grab the bar?,1,0,-0.9591,NO,NO
1064645467,order,Does the man jump up to grab the bar after taking off his jacket?,1,0,-1.3382,NO,NO
1064645467,order,Does the man take off his jacket and then jump up to grab the bar with his hands?,1,0,-3.0239,NO,NO
1064645467,order,Does the man jump up to grab the bar before taking off his jacket?,0,0,-1.1444,NO,NO
1064645467,order,Does the man jump up to grab the bar while taking off his jacket?,0,0,-2.1583,NO,NO
1064645467,order,Does the man jump up to grab the bar and then take off his jacket?,0,0,-3.3946,NO,NO
1088279109,direction,Is the elevator rising?,1,0,-0.1403,NO,NO
1088279109,direction,Is the elevator moving up?,1,0,-0.7992,NO,NO
1088279109,direction,Is ascending the direction of the elevator's movement?,1,1,0.5673,YES,YES
1088279109,direction,Is the elevator going down?,0,0,-0.5313,NO,NO
1088279109,direction,Is descending the direction of the elevator's movement?,0,0,-0.3843,NO,NO
1088279109,direction,Is the elevator stopped?,0,1,1.3162,YES,YES
1105233293,order,Are the players passing the ball to each other and then shooting the basketball?,1,0,-2.5354,NO,NO
1105233293,order,Is passing the ball to each other and shooting the basketball the correct order of events?,1,0,-1.6742,NO,NO
1105233293,order,Does the sequence of events involve passing the ball to each other and then shooting the basketball?,1,0,-3.808,NO,NO
1105233293,order,Are the players shooting the basketball and then passing the ball to each other?,0,0,-2.5149,NO,NO
1105233293,order,Is shooting the basketball and blocking the opponent the sequence of actions performed by the players?,0,0,-2.9507,NO,NO
1105233293,order,"Does the correct order of events involve dribbling, shooting, passing the basketball?",0,0,-0.6446,NO,NO
1077146132,order,Does the sequence of events start with getting out of bed?,1,0,-0.8869,NO,NO
1077146132,order,Does opening the curtains occur after getting out of bed?,1,0,-1.1061,NO,NO
1077146132,order,Is opening the curtains the last event to occur?,1,0,-0.5036,NO,NO
1077146132,order,Does the sequence of events start with closing the curtains?,0,0,-0.7125,NO,NO
1077146132,order,Does opening the curtains occur before getting into bed?,0,0,-0.7513,NO,NO
1077146132,order,"Does the sequence of events end with getting out of bed, instead of opening the curtains?",0,0,-0.6446,NO,NO
1096612823,direction,Is the video zooming in?,1,0,-4.9009,NO,NO
1096612823,direction,Is direction of movement zooming in?,1,0,-2.4816,NO,NO
1096612823,direction,Is the video changing by zooming in?,1,0,-5.708,NO,NO
1096612823,direction,Is the video zooming out?,0,0,-5.2724,NO,NO
1096612823,direction,Is the video rotating?,0,0,-4.4481,NO,NO
1096612823,direction,Is the video panning left?,0,0,-4.3026,NO,NO
1075484900,direction,Is the child turning away from the man?,1,0,-2.2389,NO,NO
1075484900,direction,Is the child turning towards the man?,0,0,-1.8911,NO,NO
1090578917,order,Is the man leaping to his right and then standing up?,1,0,-1.96,NO,NO
1090578917,order,Is the man standing up from the ground after leaping?,1,0,-3.0172,NO,NO
1090578917,order,Is the man leaping to his right before standing up in the video?,1,0,-1.2823,NO,NO
1090578917,order,Is the man standing up and then leaping to his right?,0,0,-2.441,NO,NO
1090578917,order,Is the man standing up from the ground before leaping?,0,0,-1.1464,NO,NO
1090578917,order,Is the man leaping to his right after standing up in the video?,0,0,-1.9025,NO,NO
1090578917,direction,Is the man leaping to his right?,1,0,-0.9602,NO,NO
1090578917,direction,Is the man moving towards the right?,1,0,-0.7428,NO,NO
1090578917,direction,Is the man leaping to his left?,0,0,-1.0024,NO,NO
1090578917,direction,Is the man moving forwards?,0,0,-0.7387,NO,NO
1075338140,direction,Is the ball rolling from left to right?,1,0,-1.1187,NO,NO
1075338140,direction,Is the ball moving in the direction of rolling from left to right?,1,0,-1.2055,NO,NO
1075338140,direction,Does the ball travel in the direction of rolling from left to right?,1,0,-0.6811,NO,NO
1075338140,direction,Is the ball spinning in place?,0,0,-0.2162,NO,NO
1075338140,direction,Is the ball moving counterclockwise?,0,0,-1.598,NO,NO
1075338140,direction,Is the ball rolling from right to left?,0,0,-0.9729,NO,NO
1067268403,direction,Are the wind turbines rotating clockwise?,1,1,0.2193,YES,YES
1067268403,direction,Are the wind turbines rotating counterclockwise?,0,0,-0.5405,NO,NO
1096007487,direction,Is the 3d cloud spinning leftward from the camera's point of view?,1,0,-0.2045,NO,NO
1096007487,direction,Is the 3d cloud spinning leftward as seen from the camera's perspective?,1,1,0.0248,YES,YES
1096007487,direction,Does the 3D cloud appear to be rotating leftward from the viewpoint of the camera?,1,1,0.0845,YES,YES
1096007487,direction,Is the 3d cloud spinning rightward from the camera's point of view?,0,0,-0.1936,NO,NO
1096007487,direction,Is the 3d cloud spinning upward from the camera's point of view?,0,0,-0.7449,NO,NO
1096007487,direction,Is the 3d cloud spinning downward from the camera's point of view?,0,0,-0.2579,NO,NO
1095939659,direction,Is the light growing in a clockwise direction?,1,0,-0.633,NO,NO
1095939659,direction,Is the direction of the light's movement anticlockwise?,0,0,-0.7005,NO,NO
1059632327,direction,Is the direction of the tennis ball bouncing up and down?,1,1,0.4166,YES,YES
1059632327,direction,Is the direction of the tennis ball bouncing left and right?,0,0,-0.1337,NO,NO
1098785169,direction,Is the direction of the galaxy's spin clockwise?,1,0,-0.453,NO,NO
1098785169,direction,Is the direction of the galaxy's spin counterclockwise?,0,0,-0.0437,NO,NO
1099984801,direction,Are the clouds moving towards the camera?,1,0,-1.5169,NO,NO
1099984801,direction,Are the clouds moving away from the camera?,0,0,-0.6638,NO,NO
1082419672,direction,Is the direction of movement in the video flying backwards?,1,0,-0.9453,NO,NO
1082419672,direction,Is the entire video moving backwards relative to the ship?,1,1,0.0446,YES,YES
1082419672,direction,Is the direction of movement in the video flying forwards?,0,0,-0.9388,NO,NO
1082419672,direction,Is the entire video moving forwards relative to the ship?,0,0,-0.2379,NO,NO
1058985719,direction,Is the airplane flying from bottom to top?,1,0,-0.8151,NO,NO
1058985719,direction,Is the airplane moving upwards on the screen?,1,0,-1.3871,NO,NO
1058985719,direction,Is the airplane flying from top to bottom?,0,0,-0.8469,NO,NO
1058985719,direction,Is the airplane moving downwards on the screen?,0,0,-1.1827,NO,NO
1055413730,direction,Is the planet Earth spinning rightwards?,1,0,-0.3584,NO,NO
1055413730,direction,"According to the camera's perspective, is the rotational movement of the planet Earth spinning to the right?",1,0,-0.3196,NO,NO
1055413730,direction,"Based on the camera's viewpoint, is the apparent motion of the Earth spinning to the right?",1,1,0.0543,YES,YES
1055413730,direction,Is the planet Earth spinning leftwards?,0,0,-0.8903,NO,NO
1055413730,direction,"According to the camera's perspective, is the rotational movement of the planet Earth rotating upward?",0,1,0.2686,YES,YES
1055413730,direction,"Based on the camera's viewpoint, is the apparent motion of the Earth a complete stop?",0,1,0.2435,YES,YES
1081684532,direction,Are the asteroids flying towards the camera?,1,0,-0.8901,NO,NO
1081684532,direction,Are the asteroids flying away from the camera?,0,0,-0.5343,NO,NO
23391142,direction,Is the video panning to the right?,1,0,-1.1819,NO,NO
23391142,direction,Is the movement of the video about panning to the right?,1,0,-0.368,NO,NO
23391142,direction,Is the scene shifting to the right?,1,0,-0.6522,NO,NO
23391142,direction,Is the video panning to the left?,0,0,-1.5912,NO,NO
23391142,direction,Is the movement of the video about zooming in?,0,0,-1.3069,NO,NO
23391142,direction,Is the scene shifting to the bottom?,0,0,-0.2079,NO,NO
1053758117,direction,Is the camera zooming into a 3D digital brain?,1,0,-2.6467,NO,NO
1053758117,direction,Is the camera moving in the video by zooming in?,1,0,-3.7542,NO,NO
1053758117,direction,Is the camera standing still before a 3D digital brain?,0,1,1.7543,YES,YES
1053758117,direction,Is the camera zooming out in the video?,0,0,-4.2748,NO,NO
1069717165,order,Does the woman nod her head after shaking it?,1,0,-0.5729,NO,NO
1069717165,order,Did the woman nod her head and then shake it?,0,0,-1.7172,NO,NO
1041584314,order,Does the man show a serious expression and then smile?,1,0,-3.0395,NO,NO
1041584314,order,"After showing a serious expression, does the man start to smile?",1,0,-1.0219,NO,NO
1041584314,order,Did the man's facial expressions change from serious to smiling over time?,1,0,-2.4392,NO,NO
1041584314,order,Does the man show a serious expression after smiling?,1,0,-0.4514,NO,NO
1041584314,order,"Before showing a serious expression, does the man start to smile?",0,0,-0.0262,NO,NO
1041584314,order,Does the man's facial expressions change from smiling to serious over time?,0,0,-3.0223,NO,NO
1106668103,direction,Is the direction of movement in the video moving forward?,1,0,-1.0684,NO,NO
1106668103,direction,Is the primary motion depicted in the video about moving forward?,1,0,-0.5644,NO,NO
1106668103,direction,Does the primary trajectory in the video involve moving forward?,1,0,-0.4407,NO,NO
1106668103,direction,Is the direction of movement in the video moving backward?,0,0,-1.8444,NO,NO
1106668103,direction,Is the primary motion depicted in the video about moving leftward?,0,0,-0.7966,NO,NO
1106668103,direction,Does the primary trajectory in the video involve moving right ward?,0,0,-0.4444,NO,NO
1057163434,direction,Is the chef putting the bread on top of the burger?,1,0,-1.2802,NO,NO
1057163434,direction,Is the chef removing the bread from the burger?,0,0,-2.6793,NO,NO
1085910917,order,Does the video show the events occurring in the sequence of drinking a glass of water and then turning back?,1,0,-1.4016,NO,NO
1085910917,order,Does the video show the events occurring in the sequence of turning back and then drinking a glass of water?,0,0,-2.2275,NO,NO
1058907236,order,Does the sequence of events involve the squirrel first picking up a nut and then turning back?,1,0,-0.5531,NO,NO
1058907236,order,Does the sequence of events involve the squirrel first turning back and then picking up a nut?,0,0,-0.9326,NO,NO
1100319395,direction,Is the circular pattern moving clockwise?,1,0,-0.3836,NO,NO
1100319395,direction,Is the circular pattern spinning clockwise?,1,0,-0.4799,NO,NO
1100319395,direction,Is the circular pattern spinning in the clockwise direction?,1,0,-0.354,NO,NO
1100319395,direction,Is the circular pattern moving counter-clockwise?,0,0,-0.9314,NO,NO
1100319395,direction,Is the circular pattern spinning counter-clockwise?,0,0,-0.6791,NO,NO
1100319395,direction,Is the circular pattern spinning in the anticlockwise direction?,0,0,-0.8031,NO,NO
1101200293,direction,Is the camera motion relative to the aircraft carrier clockwise?,1,0,-0.9594,NO,NO
1101200293,direction,Is the camera motion relative to the aircraft carrier counterclockwise?,0,0,-1.3937,NO,NO
1072453637,direction,Is the camera panning to the back of a fighter jet?,1,0,-1.1121,NO,NO
1072453637,direction,Is the camera panning to the front around a fighter jet?,0,0,-2.5822,NO,NO
1072453637,order,Did the fighter jet shoot one missile first and then shoot two missiles?,1,0,-1.038,NO,NO
1072453637,order,Did the fighter jet shoot two missiles after shooting one missile?,1,0,-1.4595,NO,NO
1072453637,order,Did the fighter jet shoot three missiles first and then shoot four missiles?,0,0,-1.0311,NO,NO
1072453637,order,Did the fighter jet shoot one missile after shooting two missiles?,0,0,-1.0805,NO,NO
3396473605,direction,Do the five stars appear from left to right?,1,0,-0.6355,NO,NO
3396473605,direction,Do the five stars disappear from right to left?,0,0,-1.0933,NO,NO
1086820415,direction,Is the large wave moving vertically towards the bottom of the screen?,1,0,-0.8954,NO,NO
1086820415,direction,Does the large wave move in the direction towards the bottom of the screen?,1,0,-0.4003,NO,NO
1086820415,direction,Is moving vertically towards the bottom the direction of motion of the large wave?,1,1,0.7756,YES,YES
1086820415,direction,Is the large wave moving horizontally towards the right side of the screen?,0,0,-0.0799,NO,NO
1086820415,direction,Does the large wave move in the direction towards the top of the screen?,0,0,-0.8253,NO,NO
1086820415,direction,Is moving vertically towards the top the direction of motion of the large wave?,0,0,-0.4825,NO,NO
1073831006,direction,Are the zebras moving from left to right?,1,0,-0.4569,NO,NO
1073831006,direction,Are the zebras moving from left to right relative to the camera?,1,1,0.1377,YES,YES
1073831006,direction,Are the zebras heading rightward?,1,0,-0.4602,NO,NO
1073831006,direction,Are the zebras moving from right to left?,0,0,-0.3099,NO,NO
1073831006,direction,Are the zebras moving away from the camera?,0,0,-0.7453,NO,NO
1073831006,direction,Are the zebras heading downward?,0,0,-0.5447,NO,NO
1092278063,direction,Are the two rows of duck toy moving in opposite directions on a conveyor belt?,1,0,-2.2519,NO,NO
1092278063,direction,Is the direction of the two rows of duck toy moving relative to each other opposite on a conveyor belt?,1,0,-0.572,NO,NO
1092278063,direction,Are the two rows of duck toy moving in the same direction on a conveyor belt?,0,0,-1.136,NO,NO
1092278063,direction,Is the direction of the two rows of duck toy moving relative to each other in the same direction?,0,0,-1.3616,NO,NO
1024867412,direction,Is the car taking a right turn?,1,0,-1.1248,NO,NO
1024867412,direction,Is the car moving in the right direction?,1,0,-0.8364,NO,NO
1024867412,direction,Is making a right turn the maneuver the car is making?,1,0,-1.4255,NO,NO
1024867412,direction,Is the car driving straight in the entire video?,0,1,0.0337,YES,YES
1024867412,direction,Is the car moving to the left?,0,0,-1.1264,NO,NO
1024867412,direction,Is making a left turn the maneuver the car is making?,0,0,-1.2147,NO,NO
1076877854,direction,Is the closest robotic arm moving to the right side of the screen?,1,0,-0.7415,NO,NO
1076877854,direction,Can the closest robotic arm be observed moving to the right side of the screen?,1,0,-0.4966,NO,NO
1076877854,direction,Does the closest robotic arm exhibit movement to the right side of the screen?,1,0,-0.6323,NO,NO
1076877854,direction,Is the closest robotic arm moving towards the camera?,0,0,-1.4872,NO,NO
1076877854,direction,Can the closest robotic arm be observed moving to the left side of the screen?,0,0,-0.6106,NO,NO
1076877854,direction,Does the closest robotic arm sway back and forth?,0,0,-0.5303,NO,NO
1100468035,direction,Is the camera zooming forward?,1,0,-3.868,NO,NO
1100468035,direction,Is the camera moving towards zooming forward?,1,0,-2.6049,NO,NO
1100468035,direction,Does the camera show zooming forward movement?,1,0,-3.1889,NO,NO
1100468035,direction,Is the camera zooming backward?,0,0,-2.9447,NO,NO
1100468035,direction,Is the camera tracking right?,0,0,-0.2484,NO,NO
1100468035,direction,Is the camera panning left?,0,0,-3.849,NO,NO
3411806181,direction,Is the person moving the charging gun towards the car?,1,0,-1.3638,NO,NO
3411806181,direction,Is the person performing the action of plugging the charging gun into the car?,1,0,-1.7048,NO,NO
3411806181,direction,Is the person moving the charging gun towards the side of the car?,1,0,-0.7956,NO,NO
3411806181,direction,Is the person moving the charging gun away from the car?,0,0,-0.514,NO,NO
3411806181,direction,Is the person unplugging the charging gun from the car?,0,0,-2.432,NO,NO
3411806181,direction,Is the person moving the charging gun towards himself?,0,0,-0.7235,NO,NO
1103088481,order,Is the correct order of events in the video placing a green vegetable into the trolley and then placing a black vegetable into the trolley?,1,0,-1.148,NO,NO
1103088481,order,Is the person picking up a green vegetable before picking up a black vegetable?,1,0,-2.367,NO,NO
1103088481,order,Is the correct order of events in the video placing a black vegetable into the trolley and then placing a green vegetable into the trolley?,0,0,-1.1112,NO,NO
1103088481,order,Is the person picking up a green vegetable after picking up a black vegetable?,0,0,-5.0351,NO,NO
1097341567,order,Do the bars appear before the arrow in the video?,1,0,-1.2593,NO,NO
1097341567,order,Does the arrow appear after the bars in the video?,1,0,-1.3286,NO,NO
1097341567,order,Do the bars and the arrow appear at the same time in the video?,0,0,-0.4531,NO,NO
1097341567,order,Does the arrow appear before the bars in the video?,0,0,-1.4419,NO,NO
1056433484,direction,Is the direction of the Earth's motion around the Sun counter-clockwise?,1,1,2.3696,YES,YES
1056433484,direction,Does the Earth travel in a counter-clockwise direction in its orbit around the Sun?,1,1,1.1597,YES,YES
1056433484,direction,Does the Earth's rotation in relation to the Sun follow a counter-clockwise direction?,1,1,0.8901,YES,YES
1056433484,direction,Is the direction of the Earth's motion around the Sun clockwise?,0,1,0.8348,YES,YES
1056433484,direction,Does the Earth travel in a clockwise direction in its orbit around the Sun?,0,0,-0.6353,NO,NO
1056433484,direction,Does the Earth's rotation in relation to the Sun follow a anti-clockwise direction?,0,0,-0.0783,NO,NO
1073914229,direction,Do the trains travel towards each other?,1,0,-0.337,NO,NO
1073914229,direction,Do the trains travel away from each other?,0,0,-0.8079,NO,NO
1042819039,order,Did the street get filled with people before getting filled with vehicles?,1,0,-1.1776,NO,NO
1042819039,order,"Did the events occur in the order of the street getting filled with people, then vehicles?",1,0,-2.111,NO,NO
1042819039,order,Did the street get filled with vehicles before getting filled with people?,0,0,-1.3766,NO,NO
1042819039,order,"Did the events occur in the order of the street getting filled with vehicles, then people?",0,0,-1.8479,NO,NO
1093139559,direction,Is the camera moving in the direction of zooming in?,1,0,-3.6011,NO,NO
1093139559,direction,Does zooming forward best describe the camera's motion?,1,0,-0.8885,NO,NO
1093139559,direction,Is the camera moving in the direction of zooming out?,0,0,-3.3107,NO,NO
1093139559,direction,Is tilting upwards the best description of the camera's motion?,0,0,-1.4228,NO,NO
1108398787,order,Is the person scrolling down and then entering passwords?,1,0,-4.1012,NO,NO
1108398787,order,Are the events occurring in the order of scrolling down and then entering passwords?,1,0,-0.8981,NO,NO
1108398787,order,Is the person performing the actions by scrolling down and then entering passwords?,1,0,-2.5533,NO,NO
1108398787,order,Is the person entering passwords and then scrolling down?,0,0,-2.9296,NO,NO
1108398787,order,Are the events occurring in the order of entering passwords and then scrolling up?,0,0,-1.4356,NO,NO
1108398787,order,Is the person performing the actions by scrolling up and then entering passwords?,0,0,-2.4426,NO,NO
1080591311,direction,Is the jellyfish floating upwards?,1,0,-0.7843,NO,NO
1080591311,direction,Is the direction of motion for the jellyfish upwards?,1,0,-0.919,NO,NO
1080591311,direction,Is going up the way the jellyfish is moving?,1,0,-0.6298,NO,NO
1080591311,direction,Is the jellyfish moving towards the right?,0,0,-0.7293,NO,NO
1080591311,direction,Is floating to the left the direction of motion for the jellyfish?,0,0,-0.3851,NO,NO
1080591311,direction,Is going down the way the jellyfish is moving?,0,0,-0.1036,NO,NO
1107034223,order,Is the bear catching a fish and then turning back?,1,0,-4.5708,NO,NO
1107034223,order,Is the bear turning back and then catching a fish?,0,0,-3.9723,NO,NO
3411228673,direction,Is the direction of the movement in the video upwards among skyscraper buildings?,1,0,-1.601,NO,NO
3411228673,direction,Is the path of movement in the video flying upwards?,1,0,-1.3466,NO,NO
3411228673,direction,Is the camera moving downwards?,0,0,-2.44,NO,NO
3411228673,direction,Is the path of movement in the video flying backwards?,0,0,-1.2976,NO,NO
1043487715,order,Are the children diving into water and then making gestures to the camera?,1,0,-2.1371,NO,NO
1043487715,order,Are the children making gestures to the camera after diving into water?,1,0,-1.5837,NO,NO
1043487715,order,Is diving into water followed by making gestures to the camera in the video?,1,0,-2.524,NO,NO
1043487715,order,Are the children making gestures to the camera and then diving into water?,0,0,-2.3559,NO,NO
1043487715,order,Are the children leaving the swimming pool and then making gestures to the camera?,0,0,-2.1542,NO,NO
1043487715,order,Is making gestures to the camera followed by diving into water in the video?,0,0,-2.6776,NO,NO
1093737353,direction,Is the camera panning to the right?,1,0,-3.1176,NO,NO
1093737353,direction,Is the direction of the camera's movement rightwards?,1,0,-1.0156,NO,NO
1093737353,direction,Is the camera panning to the left?,0,0,-3.3225,NO,NO
1093737353,direction,Is the direction of the camera's movement downwards?,0,0,-1.7079,NO,NO
1093737353,order,Is the order that the equipments are shown in the video a line of test tubes and then a beaker?,1,0,-1.2658,NO,NO
1093737353,order,Are the test tubes shown before the beaker?,1,0,-1.0661,NO,NO
1093737353,order,Is the beaker shown after the test tubes?,1,0,-0.5339,NO,NO
1093737353,order,Is the order that the equipments are shown in the video a beaker and then a line of test tubes?,0,0,-0.825,NO,NO
1093737353,order,Are the test tubes shown after the beaker?,0,0,-0.9112,NO,NO
1093737353,order,Is the beaker shown before the test tubes?,0,0,0.0004,NO,NO
1017768724,direction,Is the person moving rightwards?,1,0,-0.8907,NO,NO
1017768724,direction,Is the person turning rightwards?,1,0,-1.2239,NO,NO
1017768724,direction,Is the person rotating to the right?,1,0,-1.1313,NO,NO
1017768724,direction,Is the person moving leftwards?,0,0,-1.2477,NO,NO
1017768724,direction,Is the person turning upwards?,0,0,-1.312,NO,NO
1017768724,direction,Is the person moving downwards?,0,0,-0.9008,NO,NO
1106280325,order,Does a girl appear before the body of water in the video?,1,0,-0.6799,NO,NO
1106280325,order,Is a body of water shown after a girl reading a book in the video?,1,0,-2.148,NO,NO
1106280325,order,Is a body of water shown before a girl reading a book in the video?,0,0,-0.8164,NO,NO
1106280325,order,Does a girl appear after the body of water in the video?,0,0,-1.2092,NO,NO
1100117263,direction,Is the little lion's motion downward?,1,0,-0.4592,NO,NO
1100117263,direction,Is the little lion falling from the back of an adult lion?,1,0,-2.1502,NO,NO
1100117263,direction,Is the little lion going in the direction of falling down?,1,0,-0.6459,NO,NO
1100117263,direction,Is the little lion's motion upward?,0,0,-0.4451,NO,NO
1100117263,direction,Is the little lion climbing to the back of an adult lion?,0,0,-1.6472,NO,NO
1100117263,direction,Is the little lion climbing up?,0,0,-1.247,NO,NO
15695290,order,Is a house being drawn before a family of people in the video?,1,0,-1.5699,NO,NO
15695290,order,"Is the house being drawn first, and then the family of people in the video?",1,0,-0.6738,NO,NO
15695290,order,Is the order of events in the video that a house is being drawn first and then a family of people?,1,0,-1.3541,NO,NO
15695290,order,Is a family of people being drawn before a house in the video?,0,0,-1.4869,NO,NO
15695290,order,"Is the family of people being drawn first, and then the house in the video?",0,0,-0.6613,NO,NO
15695290,order,Is the order of events in the video that a family of people is being drawn first and then a house?,0,0,-1.5297,NO,NO
1091090295,order,"Does the bird fly onto the back of the hippo first, then a hippo pokes its head out of water?",1,0,-2.0342,NO,NO
1091090295,order,Does a bird flying onto the back of a hippo happen before a hippo pokes its head out of water?,1,0,-1.5297,NO,NO
1091090295,order,Does a hippo put its head into water before a bird flying onto the back of a hippo?,0,0,-0.8793,NO,NO
1091090295,order,Does a hippo poking its head out of water happen before a bird flying onto the back of a hippo?,0,0,-0.0819,NO,NO
1021488277,direction,Is a person picking up the pineapple?,1,0,-2.3138,NO,NO
1021488277,direction,Is the pineapple being picked up by a person?,1,0,-1.3467,NO,NO
1021488277,direction,Can an individual be observed lifting the pineapple?,1,0,-2.0145,NO,NO
1021488277,direction,Is a person dropping down the pineapple?,0,0,-2.5812,NO,NO
1021488277,direction,Is the pineapple being rotated by a person?,0,0,-1.6153,NO,NO
1021488277,direction,Is the pineapple being pushed forward by a person?,0,0,-1.9605,NO,NO
1067925569,order,Is the order of events in the video first a container ship is shown and then a cargo train is shown?,1,0,-2.1881,NO,NO
1067925569,order,Are the events presented in the video in the sequence of first a container ship is shown and secondly a cargo train is shown?,1,0,-2.6082,NO,NO
1067925569,order,Does a cargo train come after a container ship in the video?,1,0,-2.3349,NO,NO
1067925569,order,Is the order of events in the video first a cargo train is shown and then a container ship is shown?,0,0,-2.2015,NO,NO
1067925569,order,Are the events presented in the video in the sequence of first a cargo train is shown and secondly a container ship is shown?,0,0,-2.5588,NO,NO
1067925569,order,Does a container ship come after a cargo train in the video?,0,0,-1.6407,NO,NO
1100397435,direction,Is the robot vacuum cleaner moving to the right side of the screen?,1,0,-1.6652,NO,NO
1100397435,direction,Is the movement pattern of the robot vacuum cleaner a straight line to the right side of the screen?,1,0,-0.866,NO,NO
1100397435,direction,Is the robot vacuum cleaner heading to the right side of the screen?,1,0,-1.3624,NO,NO
1100397435,direction,Is the robot vacuum cleaner moving to the left side of the screen?,0,0,-2.0665,NO,NO
1100397435,direction,IIs the robot vacuum cleaner moving to the bottom side of the screen?,0,0,-2.609,NO,NO
1100397435,direction,Is the robot vacuum cleaner heading to the upper side of the screen?,0,0,-2.0417,NO,NO
1100397435,order,Does the person enter the screen first and then the robot vacuum cleaner starts moving?,1,0,-1.7134,NO,NO
1100397435,order,Does a person enter the screen before the robot vacuum cleaner starts moving?,1,0,-1.2476,NO,NO
1100397435,order,Is the first event in the video about a person entering the screen and then the robot vacuum cleaner starts moving?,1,0,-2.4262,NO,NO
1100397435,order,Does the robot vacuum cleaner start moving first and then a person enters the screen?,0,0,-3.978,NO,NO
1100397435,order,Does the robot vacuum cleaner start moving before a person enters the screen?,0,0,-1.5306,NO,NO
1100397435,order,Is the first event in the video about the robot vacuum cleaner starting to move and then a person enters the screen?,0,0,-2.0581,NO,NO
1108534143,direction,Is the puppy walking out of a wigwam?,1,0,-3.6311,NO,NO
1108534143,direction,Is the direction of the puppy's movement walking out of a wigwam?,1,0,-2.3066,NO,NO
1108534143,direction,Is walking out of a wigwam the action the puppy is taking?,1,0,-3.6172,NO,NO
1108534143,direction,Is the puppy staying in a wigwam without going out?,0,1,0.633,YES,YES
1108534143,direction,Is the direction of the puppy's movement entering a wigwam?,0,0,-2.438,NO,NO
1108534143,direction,Is walking around a wigwam the action the puppy is taking?,0,0,-1.8905,NO,NO
1034049020,order,"Is the order of events Painting a wall while walking, then turning back?",1,0,-1.6491,NO,NO
1034049020,order,"Are the events occurring in the order of Painting a wall while walking, then turning back?",1,0,-1.6484,NO,NO
1034049020,order,Does the woman turn back after painting a wall while walking?,1,0,-3.2252,NO,NO
1034049020,order,"Is the order of events Turning back and painting the wall, then walking?",0,0,-1.4293,NO,NO
1034049020,order,Are the events occurring in the order of Turning back first and later painting a wall while walking?,0,0,-2.0352,NO,NO
1034049020,order,Does the woman sit down after painting a wall?,0,0,-0.8534,NO,NO
1047368344,direction,Is the girl jumping into water?,1,0,-2.3356,NO,NO
1047368344,direction,In which direction is the girl moving? Is it towards the water?,1,1,0.1622,YES,YES
1047368344,direction,Is the girl jumping out of water?,0,0,-2.4969,NO,NO
1047368344,direction,In which direction is the girl moving? Is it away from the water?,0,,0.9165,The,The girl is moving away from the water
1047368344,order,Is the girl taking off clothes and then jumping into water?,1,0,-2.3588,NO,NO
1047368344,order,Does the girl take off clothes before jumping into water?,1,0,-1.2726,NO,NO
1047368344,order,"Is the sequence of actions performed by the girl: taking off clothes, putting on clothes, jumping into water?",1,0,-1.7391,NO,NO
1047368344,order,Is the girl jumping into water and then putting on clothes?,0,0,-3.3161,NO,NO
1047368344,order,Does the girl jump into water before taking off clothes?,0,0,-0.6815,NO,NO
1047368344,order,"Is the sequence of actions performed by the girl: putting on clothes, jumping into water, taking off clothes?",0,0,-1.1548,NO,NO
1100074677,order,Did the person write something on the paper note and then stand it up?,1,0,-1.1358,NO,NO
1100074677,order,Did the person arrange the actions by writing something on the paper note and then standing it up?,1,0,-0.8845,NO,NO
1100074677,order,Did the person stands up the paper note and then write something on it?,0,0,-2.5283,NO,NO
1100074677,order,Did the person arrange the actions by standing the paper note up and then writing something on it?,0,0,-1.6571,NO,NO
1100350201,order,Is the little girl drawn before the man in the video?,1,0,-0.4803,NO,NO
1100350201,order,Does the drawing of the little girl occur before the drawing of the man in the video?,1,0,-0.3975,NO,NO
1100350201,order,Is the order of events in the video that the little girl is drawn first and then the man is drawn?,1,0,-0.0143,NO,NO
1100350201,order,Is the man drawn before the little girl in the video?,0,0,-0.7259,NO,NO
1100350201,order,Does the drawing of the man occur before the drawing of the little girl in the video?,0,0,-0.5791,NO,NO
1100350201,order,Is the order of events in the video that the man is drawn first and then the little girl is drawn?,0,1,0.0432,YES,YES
1086423566,order,Is food added into the bowl and then the bowl rotates?,1,0,-2.2957,NO,NO
1086423566,order,In what sequence do the events occur in the video: food added into the bowl and then the bowl rotates?,1,0,-1.6429,NO,NO
1086423566,order,Is this the correct order of actions: food added into the bowl and then the bowl rotates?,1,0,-1.5191,NO,NO
1086423566,order,Is the bowl rotating before adding food into it?,0,0,-0.9328,NO,NO
1086423566,order,In what sequence do the events occur in the video: food added into the bowl after the bowl rotates?,0,0,-1.7533,NO,NO
1086423566,order,Is this the correct order of actions: the bowl rotates and then food added into the bowl?,0,0,-2.2906,NO,NO
1069611487,order,Did the video show a pizza box appearing and then pizza slices being taken away?,1,0,-4.7249,NO,NO
1069611487,order,Did the video show pizza slices being taken away after a pizza box appeared?,1,0,-5.938,NO,NO
1069611487,order,"Did the events in the video occur in the order: a paper box appears, then pizza slices disappear?",1,0,-2.3748,NO,NO
1069611487,order,Did the video show pizza slices disappearing before a pizza box appeared?,0,0,-5.5643,NO,NO
1069611487,order,Did the video show a paper box appearing as the last event?,0,0,-1.5561,NO,NO
1069611487,order,"Did the events in the video occur in the order: pizza slices appear, then a paper box appears?",0,0,-3.3306,NO,NO
1083845854_reverse,direction,Are the clock hands moving counterclockwise?,1,0,-2.2821,NO,NO
1083845854_reverse,direction,Are the clock hands moving clockwise?,0,1,1.1315,YES,YES
1100329207_reverse,direction,Is the direction of the camera view moving backward?,1,0,-2.2647,NO,NO
1100329207_reverse,direction,Is the video panning in the backward direction?,1,0,-3.2279,NO,NO
1100329207_reverse,direction,Is the camera movement directed towards moving backward?,1,0,-1.8187,NO,NO
1100329207_reverse,direction,Is the direction of the camera view moving forward?,0,0,-2.8277,NO,NO
1100329207_reverse,direction,Is the video panning downwards?,0,0,-3.0673,NO,NO
1100329207_reverse,direction,Is the camera movement tilting up?,0,0,-3.0752,NO,NO
1089201973_reverse,direction,Is the football moving from right to left?,1,0,-0.7253,NO,NO
1089201973_reverse,direction,Is the football moving from left to right?,0,0,-0.9903,NO,NO
1034736653_reverse,direction,Are the woman athletes running from right to left?,1,0,-0.7021,NO,NO
1034736653_reverse,direction,Are the woman athletes running from left to right?,0,0,-0.982,NO,NO
1084153195_reverse,direction,Are the dolphins swimming away from the shore?,1,0,-1.3622,NO,NO
1084153195_reverse,direction,In which direction are the dolphins swimming? Away from the shore?,1,0,-1.0361,NO,NO
1084153195_reverse,direction,Are the dolphins hovering in one place in the entire video?,0,1,0.2455,YES,YES
1084153195_reverse,direction,Are the dolphins swimming towards the shore?,0,0,-2.1851,NO,NO
1081092839_reverse,direction,Is the direction of the sun ascending?,1,0,-0.1785,NO,NO
1081092839_reverse,direction,Is the movement pattern of the sun rising?,1,0,-0.4343,NO,NO
1081092839_reverse,direction,Does the sun travel upwards?,1,0,-0.634,NO,NO
1081092839_reverse,direction,Is the direction of the sun descending?,0,1,0.6281,YES,YES
1081092839_reverse,direction,Is the movement pattern of the sun falling?,0,0,-0.0004,NO,NO
1081092839_reverse,direction,Does the sun travel downwards during sunrise,0,0,-0.9244,NO,NO
1059462749_reverse,direction,Is the person moving upwards?,1,0,-1.0177,NO,NO
1059462749_reverse,direction,Does the word 'ascending' describe the movement of the person?,1,0,-0.1541,NO,NO
1059462749_reverse,direction,Is the person ascending from a lower point to a higher point?,1,0,-0.1147,NO,NO
1059462749_reverse,direction,Is the person moving downwards?,0,0,-0.7689,NO,NO
1059462749_reverse,direction,Does the word 'falling' describe the movement of the person?,0,0,-0.1454,NO,NO
1059462749_reverse,direction,Is the person descending towards a lower point from a higher point?,0,0,-0.3847,NO,NO
1088279109_reverse,direction,Is the elevator descending?,1,0,-0.5329,NO,NO
1088279109_reverse,direction,Is the elevator moving down?,1,0,-0.8817,NO,NO
1088279109_reverse,direction,Is descending the direction of the elevator's movement?,1,0,-0.3843,NO,NO
1088279109_reverse,direction,Is the elevator going up?,0,0,-0.4267,NO,NO
1088279109_reverse,direction,Is ascending the direction of the elevator's movement?,0,1,0.5673,YES,YES
1088279109_reverse,direction,Is the elevator stopped?,0,1,1.3162,YES,YES
1096612823_reverse,direction,Is the video zooming out?,1,0,-5.2724,NO,NO
1096612823_reverse,direction,Is direction of movement zooming out?,1,0,-1.1694,NO,NO
1096612823_reverse,direction,Is the video changing by zooming out?,1,0,-6.4418,NO,NO
1096612823_reverse,direction,Is the video zooming in?,0,0,-4.9009,NO,NO
1096612823_reverse,direction,Is the video rotating?,0,0,-4.4481,NO,NO
1096612823_reverse,direction,Is the video panning left?,0,0,-4.3026,NO,NO
1075484900_reverse,direction,Is the child turning towards the man?,1,0,-1.8911,NO,NO
1075484900_reverse,direction,Is the child turning away from the man?,0,0,-2.2389,NO,NO
1090578917_reverse,direction,Is the man leaping to his left?,1,0,-1.0024,NO,NO
1090578917_reverse,direction,Is the man moving towards the left?,1,0,-1.0897,NO,NO
1090578917_reverse,direction,Is the man leaping to his right?,0,0,-0.9602,NO,NO
1090578917_reverse,direction,Is the man moving forwards?,0,0,-0.7387,NO,NO
1075338140_reverse,direction,Is the ball rolling from right to left?,1,0,-0.9729,NO,NO
1075338140_reverse,direction,Is the ball moving in the direction of rolling from right to left?,1,0,-1.3456,NO,NO
1075338140_reverse,direction,Does the ball travel in the direction of rolling from right to left?,1,0,-0.9049,NO,NO
1075338140_reverse,direction,Is the ball spinning in place?,0,0,-0.2162,NO,NO
1075338140_reverse,direction,Is the ball moving counterclockwise?,0,0,-1.598,NO,NO
1075338140_reverse,direction,Is the ball rolling from left to right?,0,0,-1.1187,NO,NO
1067268403_reverse,direction,Are the wind turbines rotating counterclockwise?,1,0,-0.5405,NO,NO
1067268403_reverse,direction,Are the wind turbines rotating clockwise?,0,1,0.2193,YES,YES
1096007487_reverse,direction,Is the 3d cloud spinning rightward from the camera's point of view?,1,0,-0.1936,NO,NO
1096007487_reverse,direction,Is the 3d cloud spinning rightward as seen from the camera's perspective?,1,0,-0.0077,NO,NO
1096007487_reverse,direction,Does the 3D cloud appear to be rotating rightward from the viewpoint of the camera?,1,0,-0.0237,NO,NO
1096007487_reverse,direction,Is the 3d cloud spinning leftward from the camera's point of view?,0,0,-0.2045,NO,NO
1096007487_reverse,direction,Is the 3d cloud spinning upward from the camera's point of view?,0,0,-0.7449,NO,NO
1096007487_reverse,direction,Is the 3d cloud spinning downward from the camera's point of view?,0,0,-0.2579,NO,NO
1095939659_reverse,direction,Is the light growing in a anticlockwise direction?,1,0,-0.9038,NO,NO
1095939659_reverse,direction,Is the direction of the light's movement clockwise?,0,0,-0.3637,NO,NO
1098785169_reverse,direction,Is the direction of the galaxy's spin counterclockwise?,1,0,-0.0437,NO,NO
1098785169_reverse,direction,Is the direction of the galaxy's spin clockwise?,0,0,-0.453,NO,NO
1099984801_reverse,direction,Are the clouds moving away from the camera?,1,0,-0.6638,NO,NO
1099984801_reverse,direction,Are the clouds moving towards the camera?,0,0,-1.5169,NO,NO
1082419672_reverse,direction,Is the direction of movement in the video flying forwards?,1,0,-0.9388,NO,NO
1082419672_reverse,direction,Is the entire video moving forwards relative to the ship?,1,0,-0.2379,NO,NO
1082419672_reverse,direction,Is the direction of movement in the video flying backwards?,0,0,-0.9453,NO,NO
1082419672_reverse,direction,Is the entire video moving backwards relative to the ship?,0,1,0.0446,YES,YES
1058985719_reverse,direction,Is the airplane flying from top to bottom?,1,0,-0.8469,NO,NO
1058985719_reverse,direction,Is the airplane moving downwards on the screen?,1,0,-1.1827,NO,NO
1058985719_reverse,direction,Is the airplane flying from bottom to top?,0,0,-0.8151,NO,NO
1058985719_reverse,direction,Is the airplane moving upwards on the screen?,0,0,-1.3871,NO,NO
1055413730_reverse,direction,Is the planet Earth spinning leftwards?,1,0,-0.8903,NO,NO
1055413730_reverse,direction,"According to the camera's perspective, is the rotational movement of the planet Earth spinning to the left?",1,0,-0.1832,NO,NO
1055413730_reverse,direction,"Based on the camera's viewpoint, is the apparent motion of the Earth spinning to the left?",1,0,0.0005,NO,NO
1055413730_reverse,direction,Is the planet Earth spinning rightwards?,0,0,-0.3584,NO,NO
1055413730_reverse,direction,"According to the camera's perspective, is the rotational movement of the planet Earth rotating upward?",0,1,0.2686,YES,YES
1055413730_reverse,direction,"Based on the camera's viewpoint, is the apparent motion of the Earth a complete stop?",0,1,0.2435,YES,YES
1081684532_reverse,direction,Are the asteroids flying away from the camera?,1,0,-0.5343,NO,NO
1081684532_reverse,direction,Are the asteroids flying towards the camera?,0,0,-0.8901,NO,NO
23391142_reverse,direction,Is the video panning to the left?,1,0,-1.5912,NO,NO
23391142_reverse,direction,Is the movement of the video about panning to the left?,1,0,-0.6649,NO,NO
23391142_reverse,direction,Is the scene shifting to the left?,1,0,-1.0204,NO,NO
23391142_reverse,direction,Is the video panning to the right?,0,0,-1.1819,NO,NO
23391142_reverse,direction,Is the movement of the video about zooming in?,0,0,-1.3069,NO,NO
23391142_reverse,direction,Is the scene shifting to the bottom?,0,0,-0.2079,NO,NO
1053758117_reverse,direction,Is the camera zooming out from a 3D digital brain?,1,0,-3.5184,NO,NO
1053758117_reverse,direction,Is the camera moving in the video by zooming out?,1,0,-3.1322,NO,NO
1053758117_reverse,direction,Is the camera standing still before a 3D digital brain?,0,1,1.7543,YES,YES
1053758117_reverse,direction,Is the camera zooming in in the video?,0,0,-3.4931,NO,NO
1106668103_reverse,direction,Is the direction of movement in the video moving backward?,1,0,-1.8444,NO,NO
1106668103_reverse,direction,Is the primary motion depicted in the video about moving backward?,1,0,-0.8007,NO,NO
1106668103_reverse,direction,Does the primary trajectory in the video involve moving backward?,1,0,-1.1291,NO,NO
1106668103_reverse,direction,Is the direction of movement in the video moving forward?,0,0,-1.0684,NO,NO
1106668103_reverse,direction,Is the primary motion depicted in the video about moving leftward?,0,0,-0.7966,NO,NO
1106668103_reverse,direction,Does the primary trajectory in the video involve moving right ward?,0,0,-0.4444,NO,NO
1057163434_reverse,direction,Is the chef removing the bread from the burger?,1,0,-2.6793,NO,NO
1057163434_reverse,direction,Is the chef putting the bread on top of the burger?,0,0,-1.2802,NO,NO
1100319395_reverse,direction,Is the circular pattern moving counter-clockwise?,1,0,-0.9314,NO,NO
1100319395_reverse,direction,Is the circular pattern spinning counter-clockwise?,1,0,-0.6791,NO,NO
1100319395_reverse,direction,Is the circular pattern spinning in the anticlockwise direction?,1,0,-0.8031,NO,NO
1100319395_reverse,direction,Is the circular pattern moving clockwise?,0,0,-0.3836,NO,NO
1100319395_reverse,direction,Is the circular pattern spinning clockwise?,0,0,-0.4799,NO,NO
1100319395_reverse,direction,Is the circular pattern spinning in the clockwise direction?,0,0,-0.354,NO,NO
1101200293_reverse,direction,Is the camera motion relative to the aircraft carrier counterclockwise?,1,0,-1.3937,NO,NO
1101200293_reverse,direction,Is the camera motion relative to the aircraft carrier clockwise?,0,0,-0.9594,NO,NO
1072453637_reverse,direction,Is the camera panning to the front of a fighter jet?,1,0,-1.3778,NO,NO
1072453637_reverse,direction,Is the camera panning to the back around a fighter jet?,0,0,-2.4484,NO,NO
3396473605_reverse,direction,Do the five stars disappear from right to left?,1,0,-1.0933,NO,NO
3396473605_reverse,direction,Do the five stars appear from left to right?,0,0,-0.6355,NO,NO
1086820415_reverse,direction,Is the large wave moving vertically towards the top of the screen?,1,0,-1.7906,NO,NO
1086820415_reverse,direction,Does the large wave move in the direction towards the top of the screen?,1,0,-0.8253,NO,NO
1086820415_reverse,direction,Is moving vertically towards the top the direction of motion of the large wave?,1,0,-0.4825,NO,NO
1086820415_reverse,direction,Is the large wave moving horizontally towards the right side of the screen?,0,0,-0.0799,NO,NO
1086820415_reverse,direction,Does the large wave move in the direction towards the bottom of the screen?,0,0,-0.4003,NO,NO
1086820415_reverse,direction,Is moving vertically towards the bottom the direction of motion of the large wave?,0,1,0.7756,YES,YES
1073831006_reverse,direction,Are the zebras moving from right to left?,1,0,-0.3099,NO,NO
1073831006_reverse,direction,Are the zebras moving from right to left relative to the camera?,1,1,0.2459,YES,YES
1073831006_reverse,direction,Are the zebras heading leftward?,1,0,-0.6054,NO,NO
1073831006_reverse,direction,Are the zebras moving from left to right?,0,0,-0.4569,NO,NO
1073831006_reverse,direction,Are the zebras moving away from the camera?,0,0,-0.7453,NO,NO
1073831006_reverse,direction,Are the zebras heading downward?,0,0,-0.5447,NO,NO
1024867412_reverse,direction,Is the car taking a right left?,1,0,-0.7353,NO,NO
1024867412_reverse,direction,Is the car moving in the left direction?,1,0,-1.1664,NO,NO
1024867412_reverse,direction,Is making a left turn the maneuver the car is making?,1,0,-1.2147,NO,NO
1024867412_reverse,direction,Is the car driving straight in the entire video?,0,1,0.0337,YES,YES
1024867412_reverse,direction,Is the car moving to the right?,0,0,-0.8117,NO,NO
1024867412_reverse,direction,Is making a right turn the maneuver the car is making?,0,0,-1.4255,NO,NO
1076877854_reverse,direction,Is the closest robotic arm moving to the left side of the screen?,1,0,-0.8808,NO,NO
1076877854_reverse,direction,Can the closest robotic arm be observed moving to the left side of the screen?,1,0,-0.6106,NO,NO
1076877854_reverse,direction,Does the closest robotic arm exhibit movement to the left side of the screen?,1,0,-0.7518,NO,NO
1076877854_reverse,direction,Is the closest robotic arm moving towards the camera?,0,0,-1.4872,NO,NO
1076877854_reverse,direction,Can the closest robotic arm be observed moving to the right side of the screen?,0,0,-0.4966,NO,NO
1076877854_reverse,direction,Does the closest robotic arm sway back and forth?,0,0,-0.5303,NO,NO
1100468035_reverse,direction,Is the camera zooming backward?,1,0,-2.9447,NO,NO
1100468035_reverse,direction,Is the camera moving towards zooming backward?,1,0,-2.4423,NO,NO
1100468035_reverse,direction,Does the camera show zooming backward movement?,1,0,-2.8305,NO,NO
1100468035_reverse,direction,Is the camera zooming forward?,0,0,-3.868,NO,NO
1100468035_reverse,direction,Is the camera tracking right?,0,0,-0.2484,NO,NO
1100468035_reverse,direction,Is the camera panning left?,0,0,-3.849,NO,NO
3411806181_reverse,direction,Is the person moving the charging gun away from the car?,1,0,-0.514,NO,NO
3411806181_reverse,direction,Is the person unplugging the charging gun from the car?,1,0,-2.432,NO,NO
3411806181_reverse,direction,Is the person moving the charging gun towards himself?,1,0,-0.7235,NO,NO
3411806181_reverse,direction,Is the person moving the charging gun towards the car?,0,0,-1.3638,NO,NO
3411806181_reverse,direction,Is the person performing the action of plugging the charging gun into the car?,0,0,-1.7048,NO,NO
3411806181_reverse,direction,Is the person moving the charging gun towards the side of the car?,0,0,-0.7956,NO,NO
1073914229_reverse,direction,Do the trains travel away from each other?,1,0,-0.8079,NO,NO
1073914229_reverse,direction,Do the trains travel towards each other?,0,0,-0.337,NO,NO
1093139559_reverse,direction,Is the camera moving in the direction of zooming out?,1,0,-3.3107,NO,NO
1093139559_reverse,direction,Does zooming out best describe the camera's motion?,1,0,-2.6175,NO,NO
1093139559_reverse,direction,Is the camera moving in the direction of zooming in?,0,0,-3.6011,NO,NO
1093139559_reverse,direction,Is tilting upwards the best description of the camera's motion?,0,0,-1.4228,NO,NO
1080591311_reverse,direction,Is the jellyfish floating downwards?,1,0,-1.3619,NO,NO
1080591311_reverse,direction,Is the direction of motion for the jellyfish downwards?,1,0,-1.0133,NO,NO
1080591311_reverse,direction,Is going down the way the jellyfish is moving?,1,0,-0.1036,NO,NO
1080591311_reverse,direction,Is the jellyfish moving towards the right?,0,0,-0.7293,NO,NO
1080591311_reverse,direction,Is floating to the left the direction of motion for the jellyfish?,0,0,-0.3851,NO,NO
1080591311_reverse,direction,Is going up the way the jellyfish is moving?,0,0,-0.6298,NO,NO
3411228673_reverse,direction,Is the direction of the movement in the video downwards among skyscraper buildings?,1,0,-0.7701,NO,NO
3411228673_reverse,direction,Is the path of movement in the video flying downwards?,1,0,-1.0933,NO,NO
3411228673_reverse,direction,Is the camera moving upwards?,0,0,-2.4952,NO,NO
3411228673_reverse,direction,Is the path of movement in the video flying backwards?,0,0,-1.2976,NO,NO
1093737353_reverse,direction,Is the camera panning to the left?,1,0,-3.3225,NO,NO
1093737353_reverse,direction,Is the direction of the camera's movement leftwards?,1,0,-1.607,NO,NO
1093737353_reverse,direction,Is the camera panning to the right?,0,0,-3.1176,NO,NO
1093737353_reverse,direction,Is the direction of the camera's movement downwards?,0,0,-1.7079,NO,NO
1017768724_reverse,direction,Is the person moving leftwards?,1,0,-1.2477,NO,NO
1017768724_reverse,direction,Is the person turning leftwards?,1,0,-1.4242,NO,NO
1017768724_reverse,direction,Is the person rotating to the left?,1,0,-1.179,NO,NO
1017768724_reverse,direction,Is the person moving rightwards?,0,0,-0.8907,NO,NO
1017768724_reverse,direction,Is the person turning upwards?,0,0,-1.312,NO,NO
1017768724_reverse,direction,Is the person moving downwards?,0,0,-0.9008,NO,NO
1100117263_reverse,direction,Is the little lion's motion upward?,1,0,-0.4451,NO,NO
1100117263_reverse,direction,Is the little lion climbing to the back of an adult lion?,1,0,-1.6472,NO,NO
1100117263_reverse,direction,Is the little lion climbing up?,1,0,-1.247,NO,NO
1100117263_reverse,direction,Is the little lion's motion downward?,0,0,-0.4592,NO,NO
1100117263_reverse,direction,Is the little lion falling from the back of an adult lion?,0,0,-2.1502,NO,NO
1100117263_reverse,direction,Is the little lion going in the direction of falling down?,0,0,-0.6459,NO,NO
1021488277_reverse,direction,Is a person dropping down the pineapple?,1,0,-2.5812,NO,NO
1021488277_reverse,direction,Is the pineapple being dropped down by a person?,1,0,-2.4496,NO,NO
1021488277_reverse,direction,Can an individual be observed dropping the pineapple?,1,0,-2.6993,NO,NO
1021488277_reverse,direction,Is a person picking up the pineapple?,0,0,-2.3138,NO,NO
1021488277_reverse,direction,Is the pineapple being rotated by a person?,0,0,-1.6153,NO,NO
1021488277_reverse,direction,Is the pineapple being pushed forward by a person?,0,0,-1.9605,NO,NO
1100397435_reverse,direction,Is the robot vacuum cleaner moving to the left side of the screen?,1,0,-2.0665,NO,NO
1100397435_reverse,direction,Is the movement pattern of the robot vacuum cleaner a straight line to the left side of the screen?,1,0,-1.2789,NO,NO
1100397435_reverse,direction,Is the robot vacuum cleaner heading to the left side of the screen?,1,0,-1.7653,NO,NO
1100397435_reverse,direction,Is the robot vacuum cleaner moving to the right side of the screen?,0,0,-1.6652,NO,NO
1100397435_reverse,direction,IIs the robot vacuum cleaner moving to the bottom side of the screen?,0,0,-2.609,NO,NO
1100397435_reverse,direction,Is the robot vacuum cleaner heading to the upper side of the screen?,0,0,-2.0417,NO,NO
1108534143_reverse,direction,Is the puppy entering a wigwam?,1,0,-3.1347,NO,NO
1108534143_reverse,direction,Is the direction of the puppy's movement entering a wigwam?,1,0,-2.438,NO,NO
1108534143_reverse,direction,Is entering a wigwam the action the puppy is taking?,1,0,-2.2245,NO,NO
1108534143_reverse,direction,Is the puppy staying in a wigwam without going out?,0,1,0.633,YES,YES
1108534143_reverse,direction,Is the direction of the puppy's movement walking out of a wigwam?,0,0,-2.3066,NO,NO
1108534143_reverse,direction,Is walking around a wigwam the action the puppy is taking?,0,0,-1.8905,NO,NO
1047368344_reverse,direction,Is the girl jumping out of water?,1,0,-2.4969,NO,NO
1047368344_reverse,direction,In which direction is the girl moving? Is it away from the water?,1,,0.9165,The,The girl is moving away from the water
1047368344_reverse,direction,Is the girl jumping into water?,0,0,-2.3356,NO,NO
1047368344_reverse,direction,In which direction is the girl moving? Is it towards the water?,0,1,0.1622,YES,YES
1059072773_1059718130_0,order,Are the sun rising and ice cream melting at the same time?,1,0,-1.026,NO,NO
1059072773_1059718130_0,order,Do sun rising and ice cream melting occur simultaneously?,1,0,-0.3934,NO,NO
1059072773_1059718130_0,order,Is the sun rising happening before ice cream melting?,0,0,-0.6944,NO,NO
1059072773_1059718130_0,order,Are the ice cream melting and sun rising happening at different times?,0,0,-0.2307,NO,NO
1059072773_1059718130_1,order,Does the ice cream melt before the sun rises?,1,0,-0.2794,NO,NO
1059072773_1059718130_1,order,Does the ice cream melt and then the sun rises in the video?,1,0,-3.3921,NO,NO
1059072773_1059718130_1,order,Does the sun rise before the ice cream melts in the video?,0,0,-1.5354,NO,NO
1059072773_1059718130_1,order,Do both events occur at the same time in the video?,0,0,-0.805,NO,NO
1059072773_1059718130_2,order,Does the sun rise before the ice cream melts?,1,0,-0.9069,NO,NO
1059072773_1059718130_2,order,Is the sequence of events in the video sun rising and ice cream melting?,1,0,-1.094,NO,NO
1059072773_1059718130_2,order,Does the ice cream melt before the sun rises?,0,0,-0.2794,NO,NO
1059072773_1059718130_2,order,Is the sequence of events in the video ice cream melting and sun rising?,0,0,-1.7175,NO,NO
1024867412_1034049020_0,order,Is a girl walking on the street while a dog is simultaneously driving?,1,0,-2.7997,NO,NO
1024867412_1034049020_0,order,Is a girl walking on the street while a dog is driving at the same time?,1,0,-2.7963,NO,NO
1024867412_1034049020_0,order,Does a girl walk on the street before the dog starts driving?,0,0,-1.0688,NO,NO
1024867412_1034049020_0,order,Is a girl walking on the street followed by a dog driving in the video?,0,0,-3.8375,NO,NO
1024867412_1034049020_1,order,Is a dog driving and then a girl walking on the street?,1,0,-3.2661,NO,NO
1024867412_1034049020_1,order,"Does the video show a sequence of a dog driving, followed by a girl walking on the street?",1,0,-5.5749,NO,NO
1024867412_1034049020_1,order,Is a girl walking on the street and then a dog driving?,0,0,-3.649,NO,NO
1024867412_1034049020_1,order,"Does the video show a sequence of a girl walking on the street, followed by a dog driving?",0,0,-4.6182,NO,NO
1024867412_1034049020_2,order,"Is a girl walking on the street, then a dog is driving?",1,0,-4.2589,NO,NO
1024867412_1034049020_2,order,Does a girl walking on the street occur before a dog driving?,1,0,-1.9549,NO,NO
1024867412_1034049020_2,order,"Is a dog driving, then a girl is walking on the street?",0,0,-3.1089,NO,NO
1024867412_1034049020_2,order,Does a dog driving occur before a girl walking on the street?,0,0,-1.6222,NO,NO
1096238125_1098970151_0,order,Are two people lifting weights at the same time as a cat licking its paw?,1,0,-1.9285,NO,NO
1096238125_1098970151_0,order,Is a cat licking its paw while concurrently two people are lifting weights happening in the video?,1,0,-4.9367,NO,NO
1096238125_1098970151_0,order,Are two people lifting weights after a cat licking its paw?,0,0,-5.1586,NO,NO
1096238125_1098970151_0,order,Does two people lifting weights followed by a cat licking its paw happen in the video?,0,0,-6.0826,NO,NO
1096238125_1098970151_1,order,Are two people lifting weights and then a cat is licking its paw in the video?,1,0,-5.981,NO,NO.
1096238125_1098970151_1,order,Is a cat licking its paw followed by two people lifting weights?,0,0,-6.8097,NO,NO.
1096238125_1098970151_2,order,Is a cat licking its paw and then two people lifting weights?,1,0,-6.0057,NO,NO.
1096238125_1098970151_2,order,Does a cat lick its paw before two people lift weights?,1,0,-3.6518,NO,NO.
1096238125_1098970151_2,order,Is two people lifting weights and then a cat is licking its paw?,0,0,-6.0972,NO,NO.
1096238125_1098970151_2,order,Does two people lifting weights happen before a cat licking its paw?,0,0,-1.7012,NO,NO.
1069717165_1041584314_0,order,Are the woman and the man showing different expressions at the same time?,1,0,-1.1873,NO,NO
1069717165_1041584314_0,order,Is the video presenting the woman and man showing their expressions simultaneously?,1,0,-1.1929,NO,NO
1069717165_1041584314_0,order,Do the woman and man show their expressions at the same time?,1,0,-0.6508,NO,NO
1069717165_1041584314_0,order,Is the man showing different expressions before the woman?,0,0,-1.4006,NO,NO
1069717165_1041584314_0,order,Is the woman showing different expressions before the man?,0,0,-1.4061,NO,NO
1069717165_1041584314_0,order,Are the woman and the man appearing at different time?,0,0,-0.8021,NO,NO
1069717165_1041584314_1,order,"Does the video show the woman showing different expressions first, followed by the man?",1,0,-1.9311,NO,NO
1069717165_1041584314_1,order,"Is it true that the man shows his expressions first, followed by the man?",0,0,-4.4248,NO,NO
1069717165_1041584314_2,order,"Is the order of events in the video: First, a man is showing different expressions; then, a woman is showing different expressions?",1,0,-0.4019,NO,NO
1069717165_1041584314_2,order,"In the video, does the man present his expressions first, followed by the woman?",1,0,-0.7251,NO,NO
1069717165_1041584314_2,order,Is the order of events in the video: Both the woman and the man are showing different expressions at the same time?,0,0,-3.1373,NO,NO
1069717165_1041584314_2,order,"In the video, does the woman present her expressions first, followed by the man?",0,0,-0.414,NO,NO
1055413730_1055973887_0,order,"Is the correct order of events in the video the fire ball expanding, while simultaneously the earth is spinning?",1,1,0.994,YES,YES
1055413730_1055973887_0,order,"Is the correct order of events in the video the fire ball expanding, then the earth is spinning?",0,0,-0.8652,NO,NO
1055413730_1055973887_1,order,Is the correct order of events in the video about the earth spinning first and then the fire ball expanding?,1,0,-0.6639,NO,NO
1055413730_1055973887_1,order,Is the correct order of events in the video about the fire ball expanding first and then the earth spinning?,0,0,-0.9421,NO,NO
1055413730_1055973887_2,order,"Is the correct order of events in the video that the fire ball is expanding, then the earth is spinning?",1,0,-0.8047,NO,NO
1055413730_1055973887_2,order,Is the earth spinning before the fire ball is expanding in the correct order of events in the video?,0,0,-0.3029,NO,NO
1058907236_1021488277_0,order,Is a person picking up a pineapple and a squirrel foraging happening concurrently in the video?,1,0,-1.7176,NO,NO
1058907236_1021488277_0,order,Is a squirrel foraging and a person picking up a pineapple at the same time in the video?,1,0,-2.4303,NO,NO
1058907236_1021488277_0,order,Is a person picking up a pineapple and then a squirrel foraging in the video?,0,0,-4.2395,NO,NO
1058907236_1021488277_0,order,Is a squirrel foraging and then a person picking up a pineapple in the video?,0,0,-3.8838,NO,NO
1058907236_1021488277_1,order,Is a squirrel foraging and then a person picking up a pineapple in the video?,1,0,-6.0601,NO,NO.
1058907236_1021488277_1,order,"In the video, is the first event a squirrel foraging and then a person picking up a pineapple?",1,0,-4.7762,NO,NO
1058907236_1021488277_1,order,"According to the video, does a squirrel forage before a person picks up a pineapple?",1,1,0.3086,YES,YES
1058907236_1021488277_1,order,Is a person picking up a pineapple and then a squirrel foraging in the video?,0,0,-5.7376,NO,NO
1058907236_1021488277_1,order,"In the video, is the first event a person picking up a pineapple and then a squirrel foraging?",0,0,-5.0627,NO,NO
1058907236_1021488277_1,order,"According to the video, does a person pick up a pineapple before a squirrel starts foraging?",0,1,0.0536,YES,YES
1058907236_1021488277_2,order,Is a person picking up a pineapple and then a squirrel is foraging?,1,0,-5.3497,NO,NO.
1058907236_1021488277_2,order,"In the video, are events happening in the sequence: first, a person is picking up a pineapple; then, a squirrel is foraging?",1,0,-3.6611,NO,NO
1058907236_1021488277_2,order,"According to the arrangement of events in the video, does a person pick up a pineapple before a squirrel starts foraging?",1,0,-0.4605,NO,NO
1058907236_1021488277_2,order,Is a squirrel foraging before a person picks up a pineapple?,0,0,-4.3728,NO,NO
1058907236_1021488277_2,order,Is a person picking up a pineapple and a squirrel foraging happening concurrently in the video?,0,0,-2.7522,NO,NO
1058907236_1021488277_2,order,"According to the arrangement of events in the video, does a squirrel start foraging before a person picks up a pineapple?",0,0,-1.0654,NO,NO
1054717541_1047368344_0,order,Are a person kneading dough and a girl jumping into water occurring at the same time in the video?,1,0,-1.7481,NO,NO
1054717541_1047368344_0,order,Is a person kneading dough occurring after a girl jumping into water in the video?,0,0,-1.4352,NO,NO
1054717541_1047368344_1,order,Is the sequence of events in the video a person kneading dough followed by a girl jumping into water?,1,0,-1.8728,NO,NO
1054717541_1047368344_1,order,Is the sequence of events in the video a girl jumping into water followed by a person kneading dough?,0,0,-2.7818,NO,NO
1054717541_1047368344_2,order,Does the sequence of events in the video start with a girl jumping into water and then a person kneading dough?,1,0,-2.4496,NO,NO
1054717541_1047368344_2,order,Does the sequence of events in the video start with a person kneading dough and then a girl jumping into water?,0,0,-1.9889,NO,NO
1089201973_1086820415_0,order,Is a person kicking football shown at the same time as a big wave?,1,0,-1.6975,NO,NO
1089201973_1086820415_0,order,Do a person kicking football and a big wave being shown happen together in the video?,1,0,-0.6639,NO,NO
1089201973_1086820415_0,order,Is the first event shown in the video a person kicking football before by a big wave?,0,0,-2.3763,NO,NO
1089201973_1086820415_0,order,Is the order of events in the video a person kicks football and then a big wave is shown?,0,0,-1.6555,NO,NO
1089201973_1086820415_1,order,Is a person kicking football shown before a big wave in the video?,1,0,-1.1045,NO,NO
1089201973_1086820415_1,order,Is a person kicking football shown after a big wave in the video?,0,0,-2.7479,NO,NO
1089201973_1086820415_2,order,Is the order of events in the video that a big wave is shown and then a person is kicking football?,1,0,-3.8378,NO,NO
1089201973_1086820415_2,order,Is the order of events in the video that a person is kicking football and then a big wave is shown?,0,0,-2.6503,NO,NO
1080990179_1086820415_0,order,Are an apple drying out and a big wave shown at the same time?,1,0,-1.7183,NO,NO
1080990179_1086820415_0,order,Is it correct that an apple drying out and a big wave are shown simultaneously?,1,0,-1.296,NO,NO
1080990179_1086820415_0,order,Is an apple drying out first and then a big wave is shown?,0,0,-3.4259,NO,NO
1080990179_1086820415_0,order,Is a big wave shown first and then an apple is drying out?,0,0,-3.4942,NO,NO
1080990179_1086820415_1,order,Is the order of events in the video that an apple is drying out first and then a big wave is shown?,1,0,-2.8434,NO,NO
1080990179_1086820415_1,order,Is the order of events in the video that a big wave is shown first and then an apple is drying out?,0,0,-3.231,NO,NO
1080990179_1086820415_2,order,Does the video show a big wave before an apple drying out?,1,0,-1.6784,NO,NO
1080990179_1086820415_2,order,Does an apple drying out happen after a big wave is shown in the video?,1,0,-3.1133,NO,NO
1080990179_1086820415_2,order,Are both events (an apple drying out and a big wave shown) happening simultaneously in the video?,0,0,-2.1667,NO,NO
1080990179_1086820415_2,order,Is a big wave shown later in the video compared to an apple drying out?,0,0,-1.7861,NO,NO
1067268403_1064645467_0,order,Are a man doing exercise and wind turbines rotating concurrently in the video?,1,0,-2.044,NO,NO
1067268403_1064645467_0,order,Is the order of events in the video wind turbines rotating followed by a man doing exercise?,0,0,-2.2446,NO,NO
1067268403_1064645467_1,order,Is the order of events in the video: Wind turbines are rotating followed by a man doing exercise?,1,0,-2.2576,NO,NO
1067268403_1064645467_1,order,Is the order of events in the video: A man doing exercise followed by wind turbines rotating?,0,0,-1.1186,NO,NO
1067268403_1064645467_2,order,Is the order of events in the video a man doing exercise followed by wind turbines rotating?,1,0,-0.8088,NO,NO
1067268403_1064645467_2,order,"Is wind turbines rotating followed by a man doing exercise, the order of events in the video?",0,0,-3.2651,NO,NO
1082268005_1063373449_0,order,Does the video show that viruses dissolving and planet earth assembling from toy bricks happening simultaneously?,1,1,0.1349,YES,YES
1082268005_1063373449_0,order,Does the video show that viruses are dissolving and then planet earth is assembling from toy bricks?,0,0,-1.7891,NO,NO
1082268005_1063373449_1,order,Are the events in the video happening in the order of planet earth assembling from toy bricks and then viruses dissolving?,1,0,-2.5118,NO,NO
1082268005_1063373449_1,order,Are the events in the video happening in the order of viruses dissolving and then planet earth assembling from toy bricks?,0,0,-2.7967,NO,NO
1082268005_1063373449_2,order,Are the events in the video happening in the order of viruses dissolving and then planet earth assembling from toy bricks?,1,0,-2.7967,NO,NO
1082268005_1063373449_2,order,Are the events in the video happening in the order of planet earth assembling from toy bricks and then viruses dissolving?,0,0,-2.5118,NO,NO
1060403198_1049965795_0,order,"Do the events happen simultaneously, with a light bulb lighting up while the tree is growing up?",1,0,0.01,NO,NO
1060403198_1049965795_0,order,Is the order of events in the video that a light bulb is lighting up and then the tree is growing up?,0,0,-2.1611,NO,NO
1060403198_1049965795_1,order,Are the events in the video ordered as the tree growing up and then a light bulb lighting up?,1,0,-0.7822,NO,NO
1060403198_1049965795_1,order,Is the tree growing up and then a light bulb lighting up the order of events in the video?,1,0,-2.1468,NO,NO
1060403198_1049965795_1,order,Is the order of events in the video that a light bulb is lighting up and then the tree is growing up?,0,0,-2.2175,NO,NO
1060403198_1049965795_1,order,Is a light bulb lighting up and then the tree growing up the order of events in the video?,0,0,-2.7917,NO,NO
1060403198_1049965795_2,order,Is the order of events in the video that a light bulb is lighting up and then the tree is growing up?,1,0,-2.2175,NO,NO
1060403198_1049965795_2,order,Is a light bulb lighting up and then the tree growing up the order of events in the video?,1,0,-2.7917,NO,NO
1060403198_1049965795_2,order,Are the events in the video ordered as the tree growing up and then a light bulb lighting up?,0,0,-0.7822,NO,NO
1060403198_1049965795_2,order,Is the tree growing up and then a light bulb lighting up the order of events in the video?,0,0,-2.1468,NO,NO
1091143117_1094219575_0,order,Does the opening of the eye happen simultaneously as the wilting of the flower?,1,0,-0.4832,NO,NO
1091143117_1094219575_0,order,Is the eye opening while at the same time the flower is wilting,1,0,-1.3301,NO,NO
1091143117_1094219575_0,order,Is an eye opening before a flower wilts?,0,0,-1.0418,NO,NO
1091143117_1094219575_0,order,Is a flower wilting before an eye opens?,0,0,-2.0464,NO,NO
1091143117_1094219575_1,order,Does the eye open first and then the flower wilts?,1,0,-1.4695,NO,NO
1091143117_1094219575_1,order,Does the opening of the eye happen before the wilting of the flower?,1,0,-0.7541,NO,NO
1091143117_1094219575_1,order,Is the order of events in the video that the eye opens first and then the flower wilts?,1,0,-1.6922,NO,NO
1091143117_1094219575_1,order,Does the flower wilt first and then the eye opens?,0,0,-1.4789,NO,NO
1091143117_1094219575_1,order,Does the wilting of the flower happen before the opening of the eye?,0,0,-0.7089,NO,NO
1091143117_1094219575_1,order,Is the order of events in the video that the flower wilts first and then the eye opens?,0,0,-1.9674,NO,NO
1091143117_1094219575_2,order,Is a flower wilting first and then an eye opening?,1,0,-3.9555,NO,NO
1091143117_1094219575_2,order,Does a flower wilt first before an eye opens?,1,0,-0.872,NO,NO
1091143117_1094219575_2,order,Are the events in the video occurring in the order of a flower wilting first and then an eye opening?,1,0,-2.1942,NO,NO
1091143117_1094219575_2,order,Is an eye opening first and then a flower wilting?,0,0,-6.3833,NO,NO
1091143117_1094219575_2,order,Does an eye open first before a flower wilts?,0,0,-1.7399,NO,NO
1091143117_1094219575_2,order,Do the events in the video occur in the order of an eye opening first and then a flower wilting?,0,0,-2.7144,NO,NO
1086105089_1085910917_0,order,Does a woman drink water while a building is being constructed simultaneously?,1,0,-3.6719,NO,NO
1086105089_1085910917_0,order,Is a building being constructed shown at the same time as a woman drinking water?,1,0,-3.2671,NO,NO
1086105089_1085910917_0,order,Does a building being constructed happen before a woman drinking water?,0,0,-1.2398,NO,NO
1086105089_1085910917_0,order,"Does a building is being constructed comes first, followed by a woman drinking water?",0,0,-2.9833,NO,NO
1086105089_1085910917_1,order,Does the building being constructed happen before a woman is drinking water?,1,0,-0.0487,NO,NO
1086105089_1085910917_1,order,"Does a building being constructed come first, followed by a woman drinking water?",1,0,-1.8424,NO,NO
1086105089_1085910917_1,order,Is it true that the building being constructed happens before a woman is drinking water?,1,0,-0.6394,NO,NO
1086105089_1085910917_1,order,Does a woman is drinking water happen before a building is being constructed?,0,0,-1.6368,NO,NO
1086105089_1085910917_1,order,"Does a woman is drinking water come first, followed by a building being constructed?",0,0,-2.4237,NO,NO
1086105089_1085910917_1,order,Is it true that a woman is drinking water happens before a building is being constructed?,0,0,-1.9073,NO,NO
1086105089_1085910917_2,order,Does a woman drink water before a building is being constructed?,1,0,-3.0212,NO,NO
1086105089_1085910917_2,order,Does the event of a woman drinking water happen before the event of a building being constructed?,1,0,-1.1212,NO,NO
1086105089_1085910917_2,order,Does a woman drinking water come before a building being constructed in sequence?,1,0,-2.4497,NO,NO
1086105089_1085910917_2,order,Does a building being constructed come first before a woman drinking water?,0,0,-1.0272,NO,NO
1086105089_1085910917_2,order,Does the event of a building being constructed happen before the event of a woman drinking water?,0,0,-1.3272,NO,NO
1086105089_1085910917_2,order,Does a building being constructed come before a woman drinking water in sequence?,0,0,-2.9169,NO,NO
1034736653_1043054206_0,order,Do car race and women run happen at the same time in the video?,1,0,-1.2727,NO,NO
1034736653_1043054206_0,order,Does cars race happen before women run in the video?,0,0,-1.2391,NO,NO
1034736653_1043054206_1,order,"Do the events occur in the order of women running, then cars racing?",1,0,-2.0426,NO,NO
1034736653_1043054206_1,order,"Do the events occur in the order of cars racing, then women running?",0,0,-2.3302,NO,NO
1034736653_1043054206_2,order,"Do the events occur in the order of cars racing, then women running?",1,0,-2.3302,NO,NO
1034736653_1043054206_2,order,"Do the events occur in the order of women running, then cars racing?",0,0,-2.0426,NO,NO
1086423566_1094782389_0,order,Does the event of a dog giving a high five to a woman happen simultaneously with foods being added into a bowl in the video?,1,0,-2.5814,NO,NO
1086423566_1094782389_0,order,"Is the chronological order of events in the video that foods are added into a bowl, and then a dog is giving a high five to a woman?",0,0,-3.803,NO,NO
1086423566_1094782389_1,order,"Is the correct chronological order of events in the video that foods are added into a bowl, and then a dog gives a high five to a woman?",1,0,-4.6037,NO,NO
1086423566_1094782389_1,order,"Is the correct chronological order of events in the video that a dog gives a high five to a woman, and then foods are added into a bowl?",0,0,-2.1825,NO,NO
1086423566_1094782389_2,order,"Is the correct chronological order of the events in the video: 'A dog is giving a high five to a woman, and then foods are added into a bowl'?",1,0,-3.8238,NO,NO
1086423566_1094782389_2,order,"Is the correct chronological order of the events in the video: 'Foods are added into a bowl, and then a dog is giving a high five to a woman'?",0,0,-4.9648,NO,NO
1053758117_1055413730_0,order,Are the digital brain spinning and the earth spinning happening together?,1,1,0.118,YES,YES
1053758117_1055413730_0,order,Is the digital brain spinning happening after the earth is spinning?,0,0,0.0119,NO,NO
1053758117_1055413730_1,order,Does the digital brain spin before the earth in the video?,1,0,-0.3107,NO,NO
1053758117_1055413730_1,order,Is the order of events in the video: the digital brain spins and then the earth spins?,1,0,-1.0584,NO,NO
1053758117_1055413730_1,order,Does the earth spin before the digital brain in the video?,0,1,0.2531,YES,YES
1053758117_1055413730_1,order,Is the order of events in the video: the earth spins and then the digital brain spins?,0,0,-0.3291,NO,NO
1053758117_1055413730_2,order,Does the earth spin before the digital brain in the video?,1,1,0.2531,YES,YES
1053758117_1055413730_2,order,Is the order of events in the video: the earth spins and then the digital brain spins?,1,0,-0.3291,NO,NO
1053758117_1055413730_2,order,Does the digital brain spin before the earth in the video?,0,0,-0.3107,NO,NO
1053758117_1055413730_2,order,Is the order of events in the video: the digital brain spins and then the earth spins?,0,0,-1.0584,NO,NO
1076877854_1073914229_0,order,Are robotic arms and trains shown at the same time in the video?,1,0,-1.5667,NO,NO
1076877854_1073914229_0,order,Is it true that robotic arms working and trains driving happen simultaneously in the video?,1,0,-1.027,NO,NO
1076877854_1073914229_0,order,Are the robotic arms working before trains start driving in the video?,0,0,-0.4045,NO,NO
1076877854_1073914229_0,order,Is it true that robotic arms working after trains driving in the video?,0,0,-2.5378,NO,NO
1076877854_1073914229_1,order,"In the video, do the events occur with the robotic arms working first, and then the trains driving?",1,0,-1.7521,NO,NO
1076877854_1073914229_1,order,"In the video, do the events occur with the trains driving first, and then the robotic arms working?",0,0,-0.8261,NO,NO
1076877854_1073914229_2,order,"In the video, do the events occur with the trains driving first, and then the robotic arms working?",1,0,-0.8261,NO,NO
1076877854_1073914229_2,order,"In the video, do the events occur with the robotic arms working first, and then the trains driving?",0,0,-1.7521,NO,NO
1067268406_1067427023_0,order,Is a white car driving while snow particles are melting simultaneously?,1,0,-1.6844,NO,NO
1067268406_1067427023_0,order,Is the order of events in the video that a white car is driving while snow particles are melting simultaneously?,1,0,-0.882,NO,NO
1067268406_1067427023_0,order,Is a white car driving happens before snow particles are melting,0,0,-2.112,NO,NO
1067268406_1067427023_0,order,"Is the order of events in the video that a white car is driving, then snow particles are melting?",0,0,-2.6861,NO,NO
1067268406_1067427023_1,order,"Is the order of events in the video that a white car is driving, then snow particles are melting?",1,0,-2.4557,NO,NO
1067268406_1067427023_1,order,"Is the order of events in the video that snow particles are melting, then a white car is driving?",0,0,-2.462,NO,NO
1067268406_1067427023_2,order,"Is the order of events in the video that snow particles are melting, then a white car is driving?",1,0,-2.462,NO,NO
1067268406_1067427023_2,order,"Is the order of events in the video that a white car is driving, then snow particles are melting?",0,0,-2.4557,NO,NO
1086286649,direction,Are the armored vehicles moving from right to left?,1,0,-0.6602,NO,NO
1086286649,direction,Are the armored vehicles approaching from the left side of the screen?,1,0,-0.8388,NO,NO
1086286649,direction,Are the armored vehicles proceeding from right to left?,1,0,-0.6646,NO,NO
1086286649,direction,Are the armored vehicles from left to right?,0,0,-0.3691,NO,NO
1086286649,direction,Are the armored vehicles approaching from the right side of the screen?,0,0,-0.4709,NO,NO
1086286649,direction,Are the armored vehicles proceeding from left to right?,0,0,-0.6402,NO,NO
1093041749,order,Is the dragon landing from the sky and then breathing fire?,1,0,-4.5051,NO,NO
1093041749,order,Is landing from the sky and then breathing fire the order of events performed by the dragon?,1,0,-1.2729,NO,NO
1093041749,order,Is the dragon breathing fire and then landing from the sky?,0,0,-4.434,NO,NO
1093041749,order,Is breathing fire and then landing from the sky the order of events performed by the dragon?,0,0,-0.9689,NO,NO
3406661033,order,Did the man propel himself forward in wheelchair and then hand the document to colleagues?,1,0,-3.4453,NO,NO
3406661033,order,Did the man hand the document to colleagues and then propel himself forward in wheelchair?,0,0,-2.0865,NO,NO
3406618583,direction,Is the camera moving by panning up and down around the girl in the video?,1,0,-3.6641,NO,NO
3406618583,direction,Is the camera movement in the video by panning up and down around the girl?,1,0,-2.2285,NO,NO
3406618583,direction,Is the camera moving around the girl in the video by panning up and down?,1,0,-3.1199,NO,NO
3406618583,direction,Is the camera moving by panning left and right around the girl in the video?,0,0,-3.9101,NO,NO
3406618583,direction,Is the camera movement in the video by rotating clockwise around the girl?,0,0,-1.2588,NO,NO
3406618583,direction,Is the camera moving in the video by zooming in and out around the girl?,0,0,-4.1922,NO,NO
3405120819,order,Does the chef perform shaping dough before smiling at the camera?,1,0,-1.5824,NO,NO
3405120819,order,Does the chef smiling at the camera before shaping dough?,0,0,-2.6059,NO,NO
3405088753,order,Is the salesman packing up the bread before saying something to the woman?,1,0,-2.0076,NO,NO
3405088753,order,Is the salesman saying something to the woman before packing up the bread?,0,0,-0.7992,NO,NO
21218935,order,Is the woman doing push ups and then smiling at the camera?,1,0,-4.083,NO,NO
21218935,order,"In which order does the woman perform the actions, doing push ups and then smiling at the camera?",1,0,-0.9581,NO,NO
21218935,order,Is the woman smiling at the camera and then doing push ups?,0,0,-5.3812,NO,NO
21218935,order,"In which order does the woman perform the actions, smiling and then doing push ups?",0,0,-1.6825,NO,NO
8307961,order,Is the man chatting with a woman while walking and then showing something on his tablet to a woman?,1,0,-1.8984,NO,NO
8307961,order,Is the man walking and simultaneously showing something on his tablet to a woman?,0,0,-1.5099,NO,NO
26631100,order,Are three hands holding the clay pot first and then two hands are holding the clay pot?,1,0,-1.4211,NO,NO
26631100,order,Is the order of events in the video that three hands are holding the clay pot first and then two hands are holding the clay pot?,1,0,-1.117,NO,NO
26631100,order,Are two hands holding the clay pot first and then three hands are holding the clay pot?,0,0,-1.5371,NO,NO
26631100,order,Is the order of events in the video that two hands are holding the clay pot first and then three hands are holding the clay pot?,0,0,-0.9828,NO,NO
1104663381,direction,Is the pizza dough rotating counter-clockwise?,1,0,-1.2569,NO,NO
1104663381,direction,Is the pizza dough moving in the direction of rotating counter-clockwise?,1,0,-1.1002,NO,NO
1104663381,direction,Is the pizza dough rotating clockwise?,0,0,-1.1196,NO,NO
1104663381,direction,Is the pizza dough moving in the direction of flipping up and down?,0,0,-1.9342,NO,NO
1088497853,direction,Is the direction of the movement in the video upwards?,1,0,-1.0172,NO,NO
1088497853,direction,Is the camera moving upwards before the stone building?,1,0,-1.5024,NO,NO
1088497853,direction,Is the trajectory of the camera movement in the video flying upwards?,1,0,-0.9856,NO,NO
1088497853,direction,Is the direction of the movement in the video downwards?,0,0,-1.0827,NO,NO
1088497853,direction,Is the camera moving rightwards before the stone building?,0,0,-1.5302,NO,NO
1088497853,direction,Is the trajectory of the camera movement in the video flying leftwards?,0,0,-1.2309,NO,NO
13324343,order,Does the man tie his shoelaces and then glide on the skateboard?,1,0,-2.4883,NO,NO
13324343,order,"In the sequence of actions, does the man tie his shoelaces and then glide on the skateboard?",1,0,-0.8305,NO,NO
13324343,order,Is tying his shoelaces and then gliding on the skateboard the correct order of actions by the man?,1,1,0.1085,YES,YES
13324343,order,Does the man glide on the skateboard and then tie his shoelaces?,0,0,-3.0729,NO,NO
13324343,order,"In the sequence of actions, does the man glide on the skateboard and then tie his shoelaces?",0,0,-1.721,NO,NO
13324343,order,Is glide on the skateboard and then tying his shoelaces the correct order of actions by the man?,0,0,-1.5222,NO,NO
1014976360,order,Does the man look at his phone and then taking off his glasses?,1,0,-2.4135,NO,NO
1014976360,order,Does the man take off his glasses and then look at his phone?,0,0,-4.2763,NO,NO
18416608,order,"Is the woman sampling water in a bottle first, then operating her tablet?",1,0,-0.4833,NO,NO
18416608,order,"Is the woman operating her tablet first, then sampling water in a bottle?",0,0,-1.1802,NO,NO
1061351290,order,Does the woman touch her pregnant belly before measuring her belly with a measuring tape?,1,0,-0.4616,NO,NO
1061351290,order,Is the order of events in the video involving the woman about touching her pregnant belly and then measuring her belly with a measuring tape?,1,1,0.2091,YES,YES
1061351290,order,Does the woman perform the action of touching her pregnant belly before measuring her belly with a measuring tape?,1,0,-0.2885,NO,NO
1061351290,order,Does the woman take off clothes after measuring her belly with a measuring tape?,0,0,-2.0651,NO,NO
1061351290,order,Is the sequence of actions in the video involving the woman about measure her belly with a measuring tape and then touching her pregnant belly?,0,1,1.1967,YES,YES
1061351290,order,Does the woman measure her belly with a measuring tape before touching her pregnant belly?,0,0,-1.2041,NO,NO
1022115337,order,Is the video showing dancing and then sending an air kiss?,1,0,-2.8438,NO,NO
1022115337,order,Does dancing occur before sending an air kiss?,1,0,-1.4906,NO,NO
1022115337,order,Does sending an air kiss occur after dancing?,1,0,-1.9126,NO,NO
1022115337,order,Is the video showing sending an air kiss and then dancing?,0,0,-4.4701,NO,NO
1022115337,order,Does sending an air kiss occur before dancing?,0,0,-1.7973,NO,NO
1022115337,order,Does dancing occur after sending an air kiss?,0,0,-1.9251,NO,NO
27537016,order,Did the man show off his car key and then pull back inside the car?,1,0,-1.849,NO,NO
27537016,order,Was showing off his car key followed by pulling back inside the car?,1,0,-2.0362,NO,NO
27537016,order,Is showing off his car key and then pulling back inside the car the correct sequence of events involving the man?,1,0,-0.2992,NO,NO
27537016,order,Did the man pull back inside the car and then show off his car key?,0,0,-1.9879,NO,NO
27537016,order,Was pulling back inside the car followed by showing off his car key?,0,0,-1.1078,NO,NO
27537016,order,Is throwing away his car key and then pulling back inside the car the correct sequence of events involving the man?,0,1,0.6121,YES,YES
