model,feat,label,acc,bacc,acc_visible,acc_invisible,acc_unshuffled_cv,majority,feature_std,prefix
llava-next-video,drop_last_L0,gt,0.5116666666666667,0.511612790319758,0.5164179104477612,0.48717948717948717,0.48999999999999994,0.5025000000000001,0.0006811454077251256,drop_last
llava-next-video,drop_last_L0,a_first,0.485,0.4850207917244215,0.48059701492537316,0.5076923076923077,0.5108333333333335,0.4991666666666667,0.0006811454077251256,drop_last
llava-next-video,drop_last_L0,interval4,0.29833333333333334,0.25583333333333336,0.263681592039801,0.47692307692307695,0.31250000000000006,0.4166666666666667,0.0006811454077251256,drop_last
llava-next-video,drop_last_L12,gt,0.47833333333333333,0.47830362425727313,0.48059701492537316,0.4666666666666667,0.49416666666666675,0.5025000000000001,0.02870231866836548,drop_last
llava-next-video,drop_last_L12,a_first,0.5066666666666667,0.5066569629360081,0.5084577114427861,0.49743589743589745,0.5208333333333333,0.4991666666666667,0.02870231866836548,drop_last
llava-next-video,drop_last_L12,interval4,0.395,0.3313333333333333,0.34129353233830845,0.6717948717948717,0.39416666666666667,0.4166666666666667,0.02870231866836548,drop_last
llava-next-video,drop_last_L16,gt,0.475,0.4749785411301949,0.4845771144278607,0.4256410256410256,0.48583333333333334,0.5025000000000001,0.0898149237036705,drop_last
llava-next-video,drop_last_L16,a_first,0.52,0.5200042222339507,0.5164179104477612,0.5384615384615384,0.5125,0.4991666666666667,0.0898149237036705,drop_last
llava-next-video,drop_last_L16,interval4,0.37083333333333335,0.3151666666666667,0.33034825870646767,0.5794871794871795,0.37333333333333335,0.4166666666666667,0.0898149237036705,drop_last
llava-next-video,drop_last_L20,gt,0.47,0.47000341675208546,0.4786069651741294,0.4256410256410256,0.48083333333333333,0.5025000000000001,0.11535735428333282,drop_last
llava-next-video,drop_last_L20,a_first,0.5175,0.5175028263967401,0.5134328358208955,0.5384615384615384,0.5025000000000001,0.4991666666666667,0.11535735428333282,drop_last
llava-next-video,drop_last_L20,interval4,0.355,0.30083333333333334,0.3124378109452736,0.5743589743589743,0.3741666666666667,0.4166666666666667,0.11535735428333282,drop_last
llava-next-video,drop_last_L24,gt,0.48333333333333334,0.4834287523854763,0.48656716417910445,0.4666666666666667,0.4916666666666667,0.5025000000000001,0.14947199821472168,drop_last
llava-next-video,drop_last_L24,a_first,0.5075,0.5075000208333912,0.5054726368159204,0.517948717948718,0.48999999999999994,0.4991666666666667,0.14947199821472168,drop_last
llava-next-video,drop_last_L24,interval4,0.3641666666666667,0.30791666666666667,0.32338308457711445,0.5743589743589743,0.36583333333333334,0.4166666666666667,0.14947199821472168,drop_last
llava-next-video,drop_last_L28,gt,0.475,0.47509521071360117,0.481592039800995,0.441025641025641,0.48,0.5025000000000001,0.18422967195510864,drop_last
llava-next-video,drop_last_L28,a_first,0.51,0.5099958610996141,0.5084577114427861,0.517948717948718,0.5016666666666667,0.4991666666666667,0.18422967195510864,drop_last
llava-next-video,drop_last_L28,interval4,0.36666666666666664,0.30674999999999997,0.3243781094527363,0.5846153846153846,0.37749999999999995,0.4166666666666667,0.18422967195510864,drop_last
llava-next-video,drop_last_L31,gt,0.4716666666666667,0.47172012633649174,0.47960199004975124,0.4307692307692308,0.4833333333333333,0.5025000000000001,0.23361387848854065,drop_last
llava-next-video,drop_last_L31,a_first,0.5025,0.5025027847299576,0.49651741293532337,0.5333333333333333,0.5025,0.4991666666666667,0.23361387848854065,drop_last
llava-next-video,drop_last_L31,interval4,0.37833333333333335,0.31808333333333333,0.3353233830845771,0.6,0.37,0.4166666666666667,0.23361387848854065,drop_last
llava-next-video,drop_last_L4,gt,0.49333333333333335,0.4932956657249765,0.4925373134328358,0.49743589743589745,0.48583333333333334,0.5025000000000001,0.004244991112500429,drop_last
llava-next-video,drop_last_L4,a_first,0.5008333333333334,0.5008277800771669,0.5044776119402985,0.48205128205128206,0.5125,0.4991666666666667,0.004244991112500429,drop_last
llava-next-video,drop_last_L4,interval4,0.30416666666666664,0.25075000000000003,0.25671641791044775,0.5487179487179488,0.31666666666666665,0.4166666666666667,0.004244991112500429,drop_last
llava-next-video,drop_last_L8,gt,0.48,0.4799369984249606,0.48656716417910445,0.4461538461538462,0.49833333333333335,0.5025000000000001,0.010950757190585136,drop_last
llava-next-video,drop_last_L8,a_first,0.51,0.5099680832446757,0.5184079601990049,0.4666666666666667,0.5233333333333332,0.4991666666666667,0.010950757190585136,drop_last
llava-next-video,drop_last_L8,interval4,0.31583333333333335,0.263,0.27761194029850744,0.5128205128205128,0.33416666666666667,0.4166666666666667,0.010950757190585136,drop_last
llava-next-video,drop_mean_L0,gt,0.49583333333333335,0.49585822978907806,0.5094527363184079,0.4256410256410256,0.49833333333333335,0.5025000000000001,0.028972627595067024,drop_mean
llava-next-video,drop_mean_L0,a_first,0.4825,0.4824693957483215,0.48656716417910445,0.46153846153846156,0.5125,0.4991666666666667,0.028972627595067024,drop_mean
llava-next-video,drop_mean_L0,interval4,0.3275,0.2851666666666667,0.2965174129353234,0.48717948717948717,0.3058333333333333,0.4166666666666667,0.028972627595067024,drop_mean
llava-next-video,drop_mean_L12,gt,0.5033333333333333,0.5033625840646017,0.5114427860696518,0.46153846153846156,0.49833333333333335,0.5025000000000001,0.026837646961212158,drop_mean
llava-next-video,drop_mean_L12,a_first,0.5308333333333334,0.5308250856252379,0.5283582089552239,0.5435897435897435,0.53,0.4991666666666667,0.026837646961212158,drop_mean
llava-next-video,drop_mean_L12,interval4,0.40166666666666667,0.32583333333333336,0.3502487562189055,0.6666666666666666,0.40166666666666667,0.4166666666666667,0.026837646961212158,drop_mean
llava-next-video,drop_mean_L16,gt,0.5075,0.5074918539630158,0.5154228855721393,0.4666666666666667,0.5008333333333332,0.5025000000000001,0.03598583862185478,drop_mean
llava-next-video,drop_mean_L16,a_first,0.5066666666666667,0.506659740721502,0.5044776119402985,0.517948717948718,0.5108333333333334,0.4991666666666667,0.03598583862185478,drop_mean
llava-next-video,drop_mean_L16,interval4,0.37916666666666665,0.3070833333333333,0.3333333333333333,0.6153846153846154,0.38,0.4166666666666667,0.03598583862185478,drop_mean
llava-next-video,drop_mean_L20,gt,0.5175,0.5174754368859221,0.5253731343283582,0.47692307692307695,0.5125000000000001,0.5025000000000001,0.05145642161369324,drop_mean
llava-next-video,drop_mean_L20,a_first,0.535,0.5350014861152392,0.5313432835820896,0.5538461538461539,0.515,0.4991666666666667,0.05145642161369324,drop_mean
llava-next-video,drop_mean_L20,interval4,0.3725,0.29825,0.3253731343283582,0.6153846153846154,0.37,0.4166666666666667,0.05145642161369324,drop_mean
llava-next-video,drop_mean_L24,gt,0.5175,0.5174504362609065,0.5243781094527363,0.48205128205128206,0.4916666666666666,0.5025000000000001,0.07039923965930939,drop_mean
llava-next-video,drop_mean_L24,a_first,0.5266666666666666,0.5266625740627058,0.5194029850746269,0.5641025641025641,0.5166666666666667,0.4991666666666667,0.07039923965930939,drop_mean
llava-next-video,drop_mean_L24,interval4,0.37583333333333335,0.307,0.3283582089552239,0.6205128205128205,0.35416666666666663,0.4166666666666667,0.07039923965930939,drop_mean
llava-next-video,drop_mean_L28,gt,0.5058333333333334,0.5057834779202813,0.5084577114427861,0.49230769230769234,0.4958333333333333,0.5025000000000001,0.09686586260795593,drop_mean
llava-next-video,drop_mean_L28,a_first,0.5533333333333333,0.5533432037311214,0.5462686567164179,0.5897435897435898,0.5175,0.4991666666666667,0.09686586260795593,drop_mean
llava-next-video,drop_mean_L28,interval4,0.36666666666666664,0.29491666666666666,0.3164179104477612,0.6256410256410256,0.3616666666666667,0.4166666666666667,0.09686586260795593,drop_mean
llava-next-video,drop_mean_L31,gt,0.5058333333333334,0.5057334766702501,0.5024875621890548,0.5230769230769231,0.5066666666666666,0.5025000000000001,0.15053701400756836,drop_mean
llava-next-video,drop_mean_L31,a_first,0.5375,0.5375056597379437,0.536318407960199,0.5435897435897435,0.5266666666666666,0.4991666666666667,0.15053701400756836,drop_mean
llava-next-video,drop_mean_L31,interval4,0.3591666666666667,0.283,0.30646766169154227,0.6307692307692307,0.3491666666666666,0.4166666666666667,0.15053701400756836,drop_mean
llava-next-video,drop_mean_L4,gt,0.4875,0.48750802103385915,0.5014925373134328,0.4153846153846154,0.49749999999999994,0.5025000000000001,0.02733296900987625,drop_mean
llava-next-video,drop_mean_L4,a_first,0.48833333333333334,0.4883180231056197,0.4925373134328358,0.4666666666666667,0.495,0.4991666666666667,0.02733296900987625,drop_mean
llava-next-video,drop_mean_L4,interval4,0.33416666666666667,0.2853333333333333,0.29850746268656714,0.517948717948718,0.33833333333333326,0.4166666666666667,0.02733296900987625,drop_mean
llava-next-video,drop_mean_L8,gt,0.48083333333333333,0.48082452061301534,0.4855721393034826,0.4564102564102564,0.4833333333333333,0.5025000000000001,0.023561662063002586,drop_mean
llava-next-video,drop_mean_L8,a_first,0.5208333333333334,0.520825057847383,0.5223880597014925,0.5128205128205128,0.5125,0.4991666666666667,0.023561662063002586,drop_mean
llava-next-video,drop_mean_L8,interval4,0.36083333333333334,0.30375,0.3194029850746269,0.5743589743589743,0.34833333333333333,0.4166666666666667,0.023561662063002586,drop_mean
llava-next-video,enc_mean_L0,gt,0.5,0.5000791686458828,0.5024875621890548,0.48717948717948717,0.525,0.5025000000000001,0.0033665900118649006,enc_mean
llava-next-video,enc_mean_L0,a_first,0.4825,0.4825249514581985,0.4845771144278607,0.4717948717948718,0.4791666666666667,0.4991666666666667,0.0033665900118649006,enc_mean
llava-next-video,enc_mean_L0,interval4,0.31333333333333335,0.26308333333333334,0.2845771144278607,0.46153846153846156,0.34750000000000003,0.4166666666666667,0.0033665900118649006,enc_mean
llava-next-video,enc_mean_L12,gt,0.49833333333333335,0.4983707926031484,0.5024875621890548,0.47692307692307695,0.5041666666666667,0.5025000000000001,0.013186318799853325,enc_mean
llava-next-video,enc_mean_L12,a_first,0.49833333333333335,0.49834027316742546,0.48955223880597015,0.5435897435897435,0.49916666666666665,0.4991666666666667,0.013186318799853325,enc_mean
llava-next-video,enc_mean_L12,interval4,0.32666666666666666,0.2674166666666667,0.2915422885572139,0.5076923076923077,0.2975,0.4166666666666667,0.013186318799853325,enc_mean
llava-next-video,enc_mean_L15,gt,0.47,0.46997008258539796,0.47064676616915424,0.4666666666666667,0.465,0.5025000000000001,0.018680773675441742,enc_mean
llava-next-video,enc_mean_L15,a_first,0.49416666666666664,0.4941638726774241,0.4925373134328358,0.5025641025641026,0.5016666666666667,0.4991666666666667,0.018680773675441742,enc_mean
llava-next-video,enc_mean_L15,interval4,0.31166666666666665,0.2564166666666666,0.2746268656716418,0.5025641025641026,0.2891666666666667,0.4166666666666667,0.018680773675441742,enc_mean
llava-next-video,enc_mean_L18,gt,0.47833333333333333,0.47829529071560123,0.47761194029850745,0.48205128205128206,0.5,0.5025000000000001,0.02389935404062271,enc_mean
llava-next-video,enc_mean_L18,a_first,0.5016666666666667,0.5016541712615868,0.5124378109452736,0.4461538461538462,0.5025000000000001,0.4991666666666667,0.02389935404062271,enc_mean
llava-next-video,enc_mean_L18,interval4,0.2875,0.23900000000000002,0.2606965174129353,0.4256410256410256,0.2925,0.4166666666666667,0.02389935404062271,enc_mean
llava-next-video,enc_mean_L21,gt,0.49916666666666665,0.49910831104110936,0.5074626865671642,0.4564102564102564,0.5041666666666667,0.5025000000000001,0.05549771711230278,enc_mean
llava-next-video,enc_mean_L21,a_first,0.51,0.5099903055286265,0.5054726368159204,0.5333333333333333,0.5016666666666666,0.4991666666666667,0.05549771711230278,enc_mean
llava-next-video,enc_mean_L21,interval4,0.2675,0.22583333333333333,0.23383084577114427,0.441025641025641,0.27166666666666667,0.4166666666666667,0.05549771711230278,enc_mean
llava-next-video,enc_mean_L3,gt,0.5083333333333333,0.5084127103177579,0.5134328358208955,0.48205128205128206,0.5141666666666667,0.5025000000000001,0.007299169898033142,enc_mean
llava-next-video,enc_mean_L3,a_first,0.4816666666666667,0.4816707824188401,0.4766169154228856,0.5076923076923077,0.4958333333333334,0.4991666666666667,0.007299169898033142,enc_mean
llava-next-video,enc_mean_L3,interval4,0.32666666666666666,0.26908333333333334,0.28955223880597014,0.517948717948718,0.305,0.4166666666666667,0.007299169898033142,enc_mean
llava-next-video,enc_mean_L6,gt,0.5041666666666667,0.5042584397943282,0.49850746268656715,0.5333333333333333,0.5083333333333333,0.5025000000000001,0.013524395413696766,enc_mean
llava-next-video,enc_mean_L6,a_first,0.49083333333333334,0.4907971966588796,0.48756218905472637,0.5076923076923077,0.505,0.4991666666666667,0.013524395413696766,enc_mean
llava-next-video,enc_mean_L6,interval4,0.3016666666666667,0.24941666666666668,0.26169154228855723,0.5076923076923077,0.30083333333333334,0.4166666666666667,0.013524395413696766,enc_mean
llava-next-video,enc_mean_L9,gt,0.4775,0.4775161045692809,0.472636815920398,0.5025641025641026,0.49499999999999994,0.5025000000000001,0.013318650424480438,enc_mean
llava-next-video,enc_mean_L9,a_first,0.48833333333333334,0.48835135653154593,0.4935323383084577,0.46153846153846156,0.49333333333333335,0.4991666666666667,0.013318650424480438,enc_mean
llava-next-video,enc_mean_L9,interval4,0.29,0.24091666666666667,0.2557213930348259,0.4666666666666667,0.3041666666666667,0.4166666666666667,0.013318650424480438,enc_mean
llava-next-video,real_last_L0,gt,0.5216666666666666,0.5216380409510237,0.5253731343283582,0.5025641025641026,0.4791666666666667,0.5025000000000001,0.000680598255712539,real_last
llava-next-video,real_last_L0,a_first,0.4975,0.49753888205245017,0.4945273631840796,0.5128205128205128,0.5191666666666668,0.4991666666666667,0.000680598255712539,real_last
llava-next-video,real_last_L0,interval4,0.2941666666666667,0.24833333333333335,0.2557213930348259,0.49230769230769234,0.2866666666666667,0.4166666666666667,0.000680598255712539,real_last
llava-next-video,real_last_L12,gt,0.5083333333333333,0.5083460419843829,0.5184079601990049,0.4564102564102564,0.5066666666666667,0.5025000000000001,0.028563804924488068,real_last
llava-next-video,real_last_L12,a_first,0.4791666666666667,0.47916660879613554,0.47761194029850745,0.48717948717948717,0.4958333333333334,0.4991666666666667,0.028563804924488068,real_last
llava-next-video,real_last_L12,interval4,0.3375,0.28550000000000003,0.31044776119402984,0.47692307692307695,0.3491666666666667,0.4166666666666667,0.028563804924488068,real_last
llava-next-video,real_last_L16,gt,0.495,0.4950123753093827,0.5114427860696518,0.41025641025641024,0.4716666666666667,0.5025000000000001,0.08940781652927399,real_last
llava-next-video,real_last_L16,a_first,0.5016666666666667,0.5016736157600438,0.48955223880597015,0.5641025641025641,0.5083333333333334,0.4991666666666667,0.08940781652927399,real_last
llava-next-video,real_last_L16,interval4,0.33166666666666667,0.2805,0.30149253731343284,0.48717948717948717,0.3283333333333333,0.4166666666666667,0.08940781652927399,real_last
llava-next-video,real_last_L20,gt,0.4875,0.48755802228389045,0.4975124378109453,0.4358974358974359,0.49833333333333335,0.5025000000000001,0.11495837569236755,real_last
llava-next-video,real_last_L20,a_first,0.5233333333333333,0.5233431203975567,0.5164179104477612,0.558974358974359,0.5208333333333333,0.4991666666666667,0.11495837569236755,real_last
llava-next-video,real_last_L20,interval4,0.33166666666666667,0.2825,0.29950248756218906,0.49743589743589745,0.3258333333333333,0.4166666666666667,0.11495837569236755,real_last
llava-next-video,real_last_L24,gt,0.5075,0.5075168545880313,0.5124378109452736,0.48205128205128206,0.4991666666666667,0.5025000000000001,0.14897164702415466,real_last
llava-next-video,real_last_L24,a_first,0.5058333333333334,0.505833349537082,0.5034825870646766,0.517948717948718,0.5141666666666665,0.4991666666666667,0.14897164702415466,real_last
llava-next-video,real_last_L24,interval4,0.3283333333333333,0.2788333333333334,0.29850746268656714,0.48205128205128206,0.31999999999999995,0.4166666666666667,0.14897164702415466,real_last
llava-next-video,real_last_L28,gt,0.48833333333333334,0.4883538755135545,0.5024875621890548,0.4153846153846154,0.4958333333333334,0.5025000000000001,0.18346485495567322,real_last
llava-next-video,real_last_L28,a_first,0.5141666666666667,0.5141722615896156,0.5074626865671642,0.5487179487179488,0.5008333333333334,0.4991666666666667,0.18346485495567322,real_last
llava-next-video,real_last_L28,interval4,0.34,0.289,0.31044776119402984,0.49230769230769234,0.32,0.4166666666666667,0.18346485495567322,real_last
llava-next-video,real_last_L31,gt,0.5025,0.5024167270848438,0.5134328358208955,0.4461538461538462,0.49083333333333334,0.5025000000000001,0.2324102818965912,real_last
llava-next-video,real_last_L31,a_first,0.5041666666666667,0.5041611226697852,0.4945273631840796,0.5538461538461539,0.5141666666666668,0.4991666666666667,0.2324102818965912,real_last
llava-next-video,real_last_L31,interval4,0.3433333333333333,0.28908333333333336,0.31044776119402984,0.5128205128205128,0.3258333333333333,0.4166666666666667,0.2324102818965912,real_last
llava-next-video,real_last_L4,gt,0.485,0.4849704575947732,0.48855721393034823,0.4666666666666667,0.47000000000000003,0.5025000000000001,0.004239872097969055,real_last
llava-next-video,real_last_L4,a_first,0.5,0.4999930555362654,0.49651741293532337,0.517948717948718,0.5033333333333333,0.4991666666666667,0.004239872097969055,real_last
llava-next-video,real_last_L4,interval4,0.2891666666666667,0.24025,0.24577114427860697,0.5128205128205128,0.31166666666666665,0.4166666666666667,0.004239872097969055,real_last
llava-next-video,real_last_L8,gt,0.5125,0.5124419777161096,0.5194029850746269,0.47692307692307695,0.4991666666666667,0.5025000000000001,0.010917620733380318,real_last
llava-next-video,real_last_L8,a_first,0.5183333333333333,0.5182986619407276,0.5243781094527363,0.48717948717948717,0.5333333333333334,0.4991666666666667,0.010917620733380318,real_last
llava-next-video,real_last_L8,interval4,0.30916666666666665,0.2593333333333333,0.2736318407960199,0.49230769230769234,0.30166666666666664,0.4166666666666667,0.010917620733380318,real_last
llava-next-video,real_mean_L0,gt,0.5125,0.5124669783411252,0.5223880597014925,0.46153846153846156,0.5016666666666667,0.5025000000000001,0.028588104993104935,real_mean
llava-next-video,real_mean_L0,a_first,0.48333333333333334,0.4833263425731738,0.47562189054726367,0.5230769230769231,0.49499999999999994,0.4991666666666667,0.028588104993104935,real_mean
llava-next-video,real_mean_L0,interval4,0.3075,0.26566666666666666,0.27761194029850744,0.46153846153846156,0.3025,0.4166666666666667,0.028588104993104935,real_mean
llava-next-video,real_mean_L12,gt,0.48833333333333334,0.4883538755135545,0.4945273631840796,0.4564102564102564,0.49416666666666664,0.5025000000000001,0.026345811784267426,real_mean
llava-next-video,real_mean_L12,a_first,0.5191666666666667,0.5191306086961353,0.5184079601990049,0.5230769230769231,0.5233333333333334,0.4991666666666667,0.026345811784267426,real_mean
llava-next-video,real_mean_L12,interval4,0.3433333333333333,0.28750000000000003,0.3124378109452736,0.5025641025641026,0.34833333333333333,0.4166666666666667,0.026345811784267426,real_mean
llava-next-video,real_mean_L16,gt,0.49916666666666665,0.49906664333274997,0.5064676616915423,0.46153846153846156,0.5075000000000001,0.5025000000000001,0.03531958907842636,real_mean
llava-next-video,real_mean_L16,a_first,0.5183333333333333,0.518309773082703,0.5194029850746269,0.5128205128205128,0.5158333333333334,0.4991666666666667,0.03531958907842636,real_mean
llava-next-video,real_mean_L16,interval4,0.34,0.274,0.3024875621890547,0.5333333333333333,0.3416666666666667,0.4166666666666667,0.03531958907842636,real_mean
llava-next-video,real_mean_L20,gt,0.5133333333333333,0.5133128328208205,0.5134328358208955,0.5128205128205128,0.4908333333333334,0.5025000000000001,0.05055994912981987,real_mean
llava-next-video,real_mean_L20,a_first,0.5108333333333334,0.5108194744985403,0.5074626865671642,0.5282051282051282,0.5066666666666666,0.4991666666666667,0.05055994912981987,real_mean
llava-next-video,real_mean_L20,interval4,0.32083333333333336,0.2625,0.2835820895522388,0.5128205128205128,0.33416666666666667,0.4166666666666667,0.05055994912981987,real_mean
llava-next-video,real_mean_L24,gt,0.505,0.5049542905239297,0.5074626865671642,0.49230769230769234,0.5075000000000001,0.5025000000000001,0.06928105652332306,real_mean
llava-next-video,real_mean_L24,a_first,0.5325,0.5324806457795717,0.5303482587064676,0.5435897435897435,0.5108333333333334,0.4991666666666667,0.06928105652332306,real_mean
llava-next-video,real_mean_L24,interval4,0.33,0.26975,0.2845771144278607,0.5641025641025641,0.33249999999999996,0.4166666666666667,0.06928105652332306,real_mean
llava-next-video,real_mean_L28,gt,0.5125,0.5124253106327659,0.5054726368159204,0.5487179487179488,0.49333333333333335,0.5025000000000001,0.09529679268598557,real_mean
llava-next-video,real_mean_L28,a_first,0.5316666666666666,0.5316709213081148,0.5313432835820896,0.5333333333333333,0.5,0.4991666666666667,0.09529679268598557,real_mean
llava-next-video,real_mean_L28,interval4,0.32666666666666666,0.2699166666666667,0.28955223880597014,0.517948717948718,0.31083333333333335,0.4166666666666667,0.09529679268598557,real_mean
llava-next-video,real_mean_L31,gt,0.5108333333333334,0.5108169370900939,0.5124378109452736,0.5025641025641026,0.5175,0.5025000000000001,0.1480911374092102,real_mean
llava-next-video,real_mean_L31,a_first,0.5425,0.542508451412365,0.5353233830845772,0.5794871794871795,0.5008333333333334,0.4991666666666667,0.1480911374092102,real_mean
llava-next-video,real_mean_L31,interval4,0.3333333333333333,0.2788333333333333,0.29850746268656714,0.5128205128205128,0.3208333333333333,0.4166666666666667,0.1480911374092102,real_mean
llava-next-video,real_mean_L4,gt,0.49833333333333335,0.49833745843646093,0.5114427860696518,0.4307692307692308,0.5075000000000001,0.5025000000000001,0.026964401826262474,real_mean
llava-next-video,real_mean_L4,a_first,0.475,0.4749902083061342,0.4766169154228856,0.4666666666666667,0.4833333333333333,0.4991666666666667,0.026964401826262474,real_mean
llava-next-video,real_mean_L4,interval4,0.30833333333333335,0.26208333333333333,0.272636815920398,0.49230769230769234,0.3075,0.4166666666666667,0.026964401826262474,real_mean
llava-next-video,real_mean_L8,gt,0.5033333333333333,0.5033042492728985,0.5054726368159204,0.49230769230769234,0.5133333333333333,0.5025000000000001,0.023228883743286133,real_mean
llava-next-video,real_mean_L8,a_first,0.4975,0.49746665962961006,0.49651741293532337,0.5025641025641026,0.49333333333333335,0.4991666666666667,0.023228883743286133,real_mean
llava-next-video,real_mean_L8,interval4,0.33,0.2704166666666667,0.28756218905472636,0.5487179487179488,0.30500000000000005,0.4166666666666667,0.023228883743286133,real_mean
llava-next-video,shuf_last_L0,gt,0.495,0.4950207088510546,0.49651741293532337,0.48717948717948717,0.48166666666666663,0.5025000000000001,0.0006710796151310205,shuf_last
llava-next-video,shuf_last_L0,a_first,0.495,0.4949985972183256,0.48955223880597015,0.5230769230769231,0.5116666666666667,0.4991666666666667,0.0006710796151310205,shuf_last
llava-next-video,shuf_last_L0,interval4,0.29333333333333333,0.251,0.26169154228855723,0.4564102564102564,0.2925,0.4166666666666667,0.0006710796151310205,shuf_last
llava-next-video,shuf_last_L12,gt,0.5016666666666667,0.5016958757302266,0.5074626865671642,0.4717948717948718,0.5091666666666667,0.5025000000000001,0.028490766882896423,shuf_last
llava-next-video,shuf_last_L12,a_first,0.4875,0.4875027430631752,0.48955223880597015,0.47692307692307695,0.4758333333333333,0.4991666666666667,0.028490766882896423,shuf_last
llava-next-video,shuf_last_L12,interval4,0.325,0.27516666666666667,0.2955223880597015,0.47692307692307695,0.32,0.4166666666666667,0.028490766882896423,shuf_last
llava-next-video,shuf_last_L16,gt,0.4625,0.46252406310157756,0.4666666666666667,0.441025641025641,0.4741666666666666,0.5025000000000001,0.08928337693214417,shuf_last
llava-next-video,shuf_last_L16,a_first,0.5275,0.5274972986036073,0.5253731343283582,0.5384615384615384,0.48916666666666664,0.4991666666666667,0.08928337693214417,shuf_last
llava-next-video,shuf_last_L16,interval4,0.31916666666666665,0.2674166666666667,0.2865671641791045,0.48717948717948717,0.3083333333333334,0.4166666666666667,0.08928337693214417,shuf_last
llava-next-video,shuf_last_L20,gt,0.4691666666666667,0.46919089643907763,0.4696517412935323,0.4666666666666667,0.49333333333333335,0.5025000000000001,0.11479261517524719,shuf_last
llava-next-video,shuf_last_L20,a_first,0.5241666666666667,0.5241667337964828,0.5263681592039801,0.5128205128205128,0.5108333333333334,0.4991666666666667,0.11479261517524719,shuf_last
llava-next-video,shuf_last_L20,interval4,0.32916666666666666,0.27249999999999996,0.29054726368159206,0.5282051282051282,0.31166666666666665,0.4166666666666667,0.11479261517524719,shuf_last
llava-next-video,shuf_last_L24,gt,0.495,0.49493737343433586,0.48955223880597015,0.5230769230769231,0.49000000000000005,0.5025000000000001,0.14884312450885773,shuf_last
llava-next-video,shuf_last_L24,a_first,0.525,0.5249792360534334,0.5233830845771145,0.5333333333333333,0.49333333333333335,0.4991666666666667,0.14884312450885773,shuf_last
llava-next-video,shuf_last_L24,interval4,0.33416666666666667,0.2815833333333333,0.3044776119402985,0.48717948717948717,0.32166666666666666,0.4166666666666667,0.14884312450885773,shuf_last
llava-next-video,shuf_last_L28,gt,0.4841666666666667,0.4841496037400935,0.48955223880597015,0.4564102564102564,0.505,0.5025000000000001,0.18330925703048706,shuf_last
llava-next-video,shuf_last_L28,a_first,0.51,0.5099903055286265,0.5104477611940299,0.5076923076923077,0.5025,0.4991666666666667,0.18330925703048706,shuf_last
llava-next-video,shuf_last_L28,interval4,0.3308333333333333,0.2808333333333333,0.30149253731343284,0.48205128205128206,0.31833333333333336,0.4166666666666667,0.18330925703048706,shuf_last
llava-next-video,shuf_last_L31,gt,0.4891666666666667,0.48914139520154676,0.4975124378109453,0.4461538461538462,0.49749999999999994,0.5025000000000001,0.23227393627166748,shuf_last
llava-next-video,shuf_last_L31,a_first,0.5041666666666667,0.5041389003858344,0.5084577114427861,0.48205128205128206,0.5233333333333333,0.4991666666666667,0.23227393627166748,shuf_last
llava-next-video,shuf_last_L31,interval4,0.33166666666666667,0.281,0.3004975124378109,0.49230769230769234,0.31166666666666665,0.4166666666666667,0.23227393627166748,shuf_last
llava-next-video,shuf_last_L4,gt,0.51,0.5099794161520705,0.5064676616915423,0.5282051282051282,0.48916666666666664,0.5025000000000001,0.004217411391437054,shuf_last
llava-next-video,shuf_last_L4,a_first,0.5083333333333333,0.5083125230903419,0.5004975124378109,0.5487179487179488,0.48916666666666664,0.4991666666666667,0.004217411391437054,shuf_last
llava-next-video,shuf_last_L4,interval4,0.30083333333333334,0.2504166666666667,0.26169154228855723,0.5025641025641026,0.31666666666666665,0.4166666666666667,0.004217411391437054,shuf_last
llava-next-video,shuf_last_L8,gt,0.5016666666666667,0.5015875396884922,0.5084577114427861,0.4666666666666667,0.5166666666666666,0.5025000000000001,0.01087174005806446,shuf_last
llava-next-video,shuf_last_L8,a_first,0.5208333333333334,0.5208361689893584,0.5203980099502488,0.5230769230769231,0.5133333333333334,0.4991666666666667,0.01087174005806446,shuf_last
llava-next-video,shuf_last_L8,interval4,0.3016666666666667,0.24541666666666667,0.2626865671641791,0.5025641025641026,0.30500000000000005,0.4166666666666667,0.01087174005806446,shuf_last
llava-next-video,shuf_mean_L0,gt,0.5083333333333333,0.5083127078176954,0.5164179104477612,0.4666666666666667,0.5033333333333333,0.5025000000000001,0.028588108718395233,shuf_mean
llava-next-video,shuf_mean_L0,a_first,0.4875,0.487488854135706,0.48059701492537316,0.5230769230769231,0.49749999999999994,0.4991666666666667,0.028588108718395233,shuf_mean
llava-next-video,shuf_mean_L0,interval4,0.31083333333333335,0.26916666666666667,0.2796019900497512,0.4717948717948718,0.3041666666666667,0.4166666666666667,0.028588108718395233,shuf_mean
llava-next-video,shuf_mean_L12,gt,0.4925,0.49242481062026555,0.49651741293532337,0.4717948717948718,0.48,0.5025000000000001,0.026241645216941833,shuf_mean
llava-next-video,shuf_mean_L12,a_first,0.5075,0.5074777985494404,0.5094527363184079,0.49743589743589745,0.49833333333333335,0.4991666666666667,0.026241645216941833,shuf_mean
llava-next-video,shuf_mean_L12,interval4,0.33166666666666667,0.28108333333333335,0.2965174129353234,0.5128205128205128,0.3524999999999999,0.4166666666666667,0.026241645216941833,shuf_mean
llava-next-video,shuf_mean_L16,gt,0.475,0.47500354175521053,0.481592039800995,0.441025641025641,0.5125,0.5025000000000001,0.03509066626429558,shuf_mean
llava-next-video,shuf_mean_L16,a_first,0.48583333333333334,0.485780516056989,0.4935323383084577,0.4461538461538462,0.4716666666666667,0.4991666666666667,0.03509066626429558,shuf_mean
llava-next-video,shuf_mean_L16,interval4,0.3433333333333333,0.28258333333333335,0.3024875621890547,0.5538461538461539,0.33083333333333337,0.4166666666666667,0.03509066626429558,shuf_mean
llava-next-video,shuf_mean_L20,gt,0.495,0.4950790436427577,0.4945273631840796,0.49743589743589745,0.485,0.5025000000000001,0.05023733898997307,shuf_mean
llava-next-video,shuf_mean_L20,a_first,0.495,0.4949652637923994,0.5004975124378109,0.4666666666666667,0.4866666666666667,0.4991666666666667,0.05023733898997307,shuf_mean
llava-next-video,shuf_mean_L20,interval4,0.3325,0.2739166666666667,0.29253731343283584,0.5384615384615384,0.3408333333333333,0.4166666666666667,0.05023733898997307,shuf_mean
llava-next-video,shuf_mean_L24,gt,0.5008333333333334,0.5008083535421719,0.5064676616915423,0.4717948717948718,0.49499999999999994,0.5025000000000001,0.06888820230960846,shuf_mean
llava-next-video,shuf_mean_L24,a_first,0.495,0.49498193050536254,0.4955223880597015,0.49230769230769234,0.47416666666666674,0.4991666666666667,0.06888820230960846,shuf_mean
llava-next-video,shuf_mean_L24,interval4,0.32916666666666666,0.27275,0.2845771144278607,0.558974358974359,0.33166666666666667,0.4166666666666667,0.06888820230960846,shuf_mean
llava-next-video,shuf_mean_L28,gt,0.515,0.514946206988508,0.527363184079602,0.4512820512820513,0.49333333333333335,0.5025000000000001,0.09472618997097015,shuf_mean
llava-next-video,shuf_mean_L28,a_first,0.49166666666666664,0.49164025455626265,0.48855721393034823,0.5076923076923077,0.4883333333333333,0.4991666666666667,0.09472618997097015,shuf_mean
llava-next-video,shuf_mean_L28,interval4,0.31833333333333336,0.26341666666666663,0.27860696517412936,0.5230769230769231,0.31083333333333335,0.4166666666666667,0.09472618997097015,shuf_mean
llava-next-video,shuf_mean_L31,gt,0.5141666666666667,0.5141170195921565,0.5184079601990049,0.49230769230769234,0.5116666666666666,0.5025000000000001,0.14731059968471527,shuf_mean
llava-next-video,shuf_mean_L31,a_first,0.4925,0.492477756882658,0.48955223880597015,0.5076923076923077,0.49000000000000005,0.4991666666666667,0.14731059968471527,shuf_mean
llava-next-video,shuf_mean_L31,interval4,0.3225,0.26658333333333334,0.28258706467661693,0.5282051282051282,0.30833333333333335,0.4166666666666667,0.14731059968471527,shuf_mean
llava-next-video,shuf_mean_L4,gt,0.49083333333333334,0.49079143645257794,0.5034825870646766,0.4256410256410256,0.49916666666666665,0.5025000000000001,0.026960313320159912,shuf_mean
llava-next-video,shuf_mean_L4,a_first,0.48,0.48000966669351863,0.47761194029850745,0.49230769230769234,0.4916666666666666,0.4991666666666667,0.026960313320159912,shuf_mean
llava-next-video,shuf_mean_L4,interval4,0.31583333333333335,0.27041666666666664,0.28258706467661693,0.48717948717948717,0.31083333333333335,0.4166666666666667,0.026960313320159912,shuf_mean
llava-next-video,shuf_mean_L8,gt,0.49333333333333335,0.49326233155828897,0.4955223880597015,0.48205128205128206,0.49416666666666664,0.5025000000000001,0.023214131593704224,shuf_mean
llava-next-video,shuf_mean_L8,a_first,0.4841666666666667,0.48414440040111223,0.4786069651741294,0.5128205128205128,0.48,0.4991666666666667,0.023214131593704224,shuf_mean
llava-next-video,shuf_mean_L8,interval4,0.3283333333333333,0.2738333333333333,0.2885572139303483,0.5333333333333333,0.3183333333333333,0.4166666666666667,0.023214131593704224,shuf_mean
